,City,Level,PM2.5,PM10,O3,NO2,SO2,CO
0,"Ube, Yamaguchi",Moderate,30.0,8.0,,9.4,7.9,
1,"Hiraidemachi, Tochigi",Moderate,23.0,8.0,,39.5,,
2,"Minato, Wakayama",Moderate,20.0,24.0,,,23.6,
3,"Mizusawaku Higashiodori, Iwate",Moderate,19.0,4.0,,26.3,2.6,
4,"Futago, Kanagawa",Moderate,15.0,11.0,,73.3,,
5,"Tamana, Kumamoto",Moderate,18.0,8.0,,7.5,,
6,"Hanazakicho, Chiba",Moderate,17.0,,,,,
7,"Yumeimachi, Fukuoka",Moderate,16.0,7.0,,9.4,2.6,229.0
8,"Higashikoshigaya, Saitama",Moderate,15.0,15.0,,45.1,2.6,
9,"Honmokucho, Kanagawa",Good,7.0,7.0,,41.4,5.2,
10,"Shihezi, Xinjiang",Very Unhealthy,235.0,264.0,6.0,85.5,12.5,2300.0
11,"Ili, Xinjiang",Very Unhealthy,177.0,182.0,39.0,52.0,36.0,2600.0
12,"Changji, Xinjiang",Very Unhealthy,152.0,183.0,,84.0,5.0,
13,"Turpan, Xinjiang",Unhealthy,145.5,192.5,28.5,62.0,29.0,2100.0
14,"Fushun, Liaoning",Unhealthy,103.0,142.0,10.0,42.0,20.0,1500.0
15,"Jinzhou, Liaoning",Unhealthy,94.0,85.0,20.0,54.0,65.0,2100.0
16,"Yuxia, Shaanxi",Unhealthy,84.0,82.0,17.0,37.0,12.0,1241.5
17,"Linxia Chengguanzhen, Gansu",Unhealthy,83.0,99.0,,13.0,,
18,"Urumqi, Xinjiang",Unhealthy,83.0,94.0,14.0,100.0,6.0,2200.0
19,"Karamay, Xinjiang",Unhealthy,81.0,86.0,40.5,29.0,3.5,1100.0
20,"Regina, Saskatchewan",Unhealthy For Sensitive Groups,42.1,,8.0,58.3,,
21,"Winnipeg, Manitoba",Moderate,35.3,,5.4,13.5,,
22,"Brandon, Manitoba",Moderate,34.9,,,17.7,,
23,"St. Albert, Alberta",Moderate,35.2,,2.0,82.7,2.6,
24,"Houston, British Columbia",Moderate,32.9,3.8,,,,
25,"Edmonton, Alberta",Moderate,32.4,,2.0,77.1,2.6,
26,"Rideau Park, Alberta",Moderate,30.0,,2.0,67.7,2.6,
27,"Dawson City, Yukon",Moderate,30.0,,,,,
28,"Prince Albert, Saskatchewan",Moderate,28.9,,36.0,,,
29,"Stettler, Alberta",Moderate,27.7,,,,,
30,"Ha Tinh, Tinh Ha Tinh",Unhealthy For Sensitive Groups,46.9,,,,,
31,"Pho Moi, Tinh Bac Ninh",Moderate,33.6,55.6,15.4,28.9,101.9,0.0
32,"Hanoi, Hanoi",Moderate,33.2,53.2,0.6,26.0,2.1,993.6
33,"Cau Dien, Hanoi",Moderate,29.7,54.5,0.0,39.1,1.6,299.9
34,"Ho Chi Minh City, Ho Chi Minh City",Moderate,28.7,,,,,
35,"Long Xuyen, An Giang",Moderate,27.8,,,,,
36,"Phuc Yen, Tinh Vinh Phuc",Moderate,25.7,51.3,,,,
37,"Nhu Quynh, Tinh Hung Yen",Moderate,23.8,51.3,0.0,15.4,7.0,0.9
38,"Thanh Pho Thai Nguyen, Tinh Thai Nguyen",Moderate,24.2,32.0,,,1.1,0.9
39,"Hoan Kiem, Hanoi",Moderate,22.5,22.7,33.1,21.1,14.7,0.0
40,"Tadley, England",Unhealthy For Sensitive Groups,51.7,,,,,
41,"Highland, Scotland",Unhealthy For Sensitive Groups,43.6,,,,,
42,"Cowley, England",Unhealthy For Sensitive Groups,42.9,,,,,
43,"Girton, England",Unhealthy For Sensitive Groups,41.5,15.8,,33.3,,
44,"Stockton, England",Unhealthy For Sensitive Groups,41.8,,,,,
45,"Cambridge, England",Unhealthy For Sensitive Groups,40.3,21.7,,33.2,,
46,"Colchester, England",Unhealthy For Sensitive Groups,40.0,,,,,
47,"Brentford, England",Unhealthy For Sensitive Groups,37.0,43.0,,63.7,,
48,"Crondall, England",Unhealthy For Sensitive Groups,37.1,,,,,
49,"Teddington, England",Moderate,30.9,36.6,,,,
50,"Quimper, Brittany",Unhealthy For Sensitive Groups,51.0,53.3,,,,
51,"Dax, Nouvelle-Aquitaine",Moderate,34.0,37.0,28.0,18.0,,
52,"Biars-sur-Cere, Occitanie",Moderate,33.0,46.3,32.0,21.9,,
53,"Albi, Occitanie",Moderate,25.0,38.5,,24.3,,
54,"Tours, Centre",Moderate,26.3,24.1,,42.2,,
55,"Toulouse, Occitanie",Moderate,28.3,38.1,22.6,29.2,,
56,"Saint-Jean-de-Braye, Centre",Moderate,24.9,,,31.0,,
57,"La Lechere, Auvergne-Rhone-Alpes",Moderate,27.0,35.3,,,,
58,"Laval, Pays de la Loire",Moderate,24.0,30.0,13.0,21.0,,
59,"Nantes, Pays de la Loire",Moderate,25.0,30.0,38.0,47.0,1.0,
60,"Northeim, Lower Saxony",Moderate,27.6,,,,,
61,"Hamburg, Hamburg",Moderate,25.9,,18.0,21.0,3.0,330.0
62,"Eppelheim, Baden-Wuerttemberg",Moderate,22.6,,,,,
63,"Bernau bei Berlin, Brandenburg",Moderate,22.0,29.0,,24.8,,
64,"Meppen, Lower Saxony",Moderate,21.2,,,,,
65,"Dresden, Saxony",Good,5.0,11.0,13.0,41.0,0.0,
66,"Schongau, Bavaria",Moderate,19.6,,,,,
67,"Konstanz, Baden-Wuerttemberg",Moderate,19.0,21.0,4.0,,,
68,"Heppenheim (Bergstrasse), Hessen",Moderate,17.5,17.1,,,,
69,"Friedrichshafen, Baden-Wuerttemberg",Moderate,17.0,19.0,30.0,,,
70,"Saraburi, Sara Buri",Unhealthy,84.0,69.0,52.0,65.8,,
71,"Tha Muang, Kanchanaburi",Unhealthy,72.1,,,,,
72,"Doi Saket, Chiang Mai",Unhealthy For Sensitive Groups,53.3,,,,,
73,"Ratchaburi, Ratchaburi",Moderate,30.0,70.0,40.0,,,
74,"Hang Dong, Chiang Mai",Moderate,23.7,,,,,
75,"Lampang, Lampang",Unhealthy For Sensitive Groups,44.5,19.0,84.0,,2.6,
76,"San Sai, Chiang Mai",Unhealthy For Sensitive Groups,39.9,,,,,
77,"Hua Hin, Prachuap Khiri Khan",Unhealthy For Sensitive Groups,39.7,,,,,
78,"Pai, Mae Hong Son",Unhealthy For Sensitive Groups,39.6,,,,,
79,"Ban Sang, Prachin Buri",Unhealthy For Sensitive Groups,38.6,,,,,
80,"Kloten / Balsberg, Zurich",Unhealthy For Sensitive Groups,41.0,14.9,19.6,32.1,,
81,"Bodio, Ticino",Unhealthy For Sensitive Groups,37.0,73.0,3.0,63.0,16.0,
82,"Lumino, Ticino",Moderate,31.0,39.5,,34.1,,
83,"Ecublens, Vaud",Moderate,30.9,,,,,
84,"Visp, Valais",Moderate,25.0,31.0,24.0,39.0,,
85,"Dubendorf, Zurich",Moderate,22.6,16.0,36.0,29.0,,
86,"Unteriberg, Schwyz",Moderate,22.6,,,,,
87,"Rhaezuens, Grisons",Moderate,20.0,23.5,25.4,,,
88,"Lausanne, Vaud",Moderate,19.6,,,,,
89,"Dietikon, Zurich",Moderate,18.7,,,,,
90,"Meligalas, Peloponnese",Unhealthy,74.5,,,,,
91,"Messini, Peloponnese",Unhealthy For Sensitive Groups,41.9,,,,,
92,"Ovria, West Greece",Unhealthy For Sensitive Groups,41.6,,,,,
93,"Ano Liosia, Attica",Moderate,31.2,,,,,
94,"Metamorfosi, Attica",Moderate,30.2,,,,,
95,"Athens, Attica",Moderate,29.2,,,,,
96,"Dhafni, Attica",Moderate,29.4,,,,,
97,"Melissia, Attica",Moderate,29.3,,,,,
98,"Vrilissia, Attica",Moderate,29.5,,,,,
99,"Nikaia, Attica",Moderate,28.8,,,,,
100,"Sao Bernardo do Campo, Sao Paulo",Moderate,23.0,,63.0,,,
101,"Sao Jose do Rio Preto, Sao Paulo",Good,12.0,9.0,67.0,3.0,,
102,"Cubatao, Sao Paulo",Good,,45.0,,38.0,6.0,
103,"Guarulhos, Sao Paulo",Good,10.0,19.5,41.0,14.0,1.0,572.5
104,"Santa Gertrudes, Sao Paulo",Good,10.0,20.0,,,,
105,"Sao Paulo, Sao Paulo",Good,10.0,17.0,56.0,14.0,2.0,286.3
106,"Piracicaba, Sao Paulo",Good,9.0,12.0,2.0,6.0,,
107,"Santos, Sao Paulo",Good,9.0,15.0,81.0,7.0,1.0,
108,"Sao Jose dos Campos, Sao Paulo",Good,7.0,39.0,52.0,5.0,1.0,229.0
109,"Campinas, Sao Paulo",Good,8.0,30.0,6.0,5.0,,
110,"Berezovka, Krasnoyarsk Krai",Hazardous,770.0,,,470.0,20.0,480.0
111,"Solnechnyy, Krasnoyarsk Krai",Hazardous,435.0,,,320.0,50.0,280.0
112,"Krasnoyarsk, Krasnoyarsk Krai",Unhealthy,83.3,,,310.0,35.0,370.0
113,"Serpukhov, Moscow Oblast",Moderate,26.7,,,,,
114,"Balashikha, Moscow Oblast",Moderate,24.0,,,,,
115,"Zyryanka, Chukot",Moderate,15.0,,,,,
116,"Gelendzhik, Krasnodarskiy",Moderate,13.0,,,,,
117,"Moscow, Moscow",Moderate,12.5,14.0,5.4,34.0,2.5,310.0
118,"Tol'yatti, Samara",Good,10.0,,,,,
119,"Kamensk-Shakhtinskiy, Rostov",Good,9.7,,,,,
120,"Davao City, Davao",Moderate,31.0,62.5,,17.2,,
121,"Tagum City, Davao",Moderate,20.9,,,,,
122,"Bulacan, Central Luzon",Good,9.7,,,,,
123,"Pasig, National Capital Region",Good,9.2,,,,,
124,"Paranaque, National Capital Region",Good,8.9,,,,,
125,"Puerto Princesa, Mimaropa",Moderate,13.0,19.0,,,,
126,"Balanga, Central Luzon",Good,6.8,,,,,
127,"Makati, National Capital Region",Good,5.9,,,,,
128,"Pasig City, National Capital Region",Good,5.0,,,,,
129,"Marikina, National Capital Region",Good,4.5,,,,,
130,"Yangon, Yangon",Unhealthy For Sensitive Groups,41.8,,4.0,,,
131,"Syriam, Yangon",Moderate,34.3,,,,,
132,"Mandalay, Mandalay",Moderate,31.4,,,,,
133,"Vientiane, Vientiane",Moderate,13.0,,,,,
134,"Rice Lake, Wisconsin",Unhealthy,104.9,,,,,
135,"Portola, California",Unhealthy,61.0,,,,,
136,"La Mirada, California",Unhealthy For Sensitive Groups,55.2,,,,,
137,"Jemez Pueblo, New Mexico",Unhealthy For Sensitive Groups,54.1,,,,,
138,"North Pole, Alaska",Unhealthy For Sensitive Groups,51.9,,,,,
139,"Nogales, Arizona",Unhealthy For Sensitive Groups,47.9,158.7,,,,
140,"South Valley, New Mexico",Unhealthy For Sensitive Groups,46.1,,,,,
141,"Baldwin Park, California",Unhealthy For Sensitive Groups,45.1,,,,,
142,"Del Aire, California",Unhealthy For Sensitive Groups,44.1,,,,,
143,"Stanislaus, California",Unhealthy For Sensitive Groups,43.9,,,,,
144,"Plovdiv, Plovdiv",Unhealthy,69.0,70.1,8.8,,7.9,0.7
145,"Vidin, Vidin",Moderate,35.0,44.8,,,,
146,"Varna, Varna",Moderate,22.5,24.9,21.2,39.9,5.0,0.0
147,"Sliven, Sliven",Moderate,20.0,30.4,,,,
148,"Burgas, Burgas",Moderate,19.9,23.5,41.3,,13.9,0.0
149,"Sofia, Sofia",Moderate,18.3,21.5,17.5,44.9,12.0,1.0
150,"Lovech, Lovech",Moderate,18.0,23.3,,,,
151,"Oriyakovica, Veliko Tarnovo",Moderate,16.0,19.9,17.0,,5.3,
152,"Smolyan, Smolyan",Moderate,15.0,21.8,,,,
153,"Nesebar, Burgas",Moderate,14.0,28.6,,16.1,2.7,
154,"Petaling Jaya, Selangor",Unhealthy For Sensitive Groups,54.8,,,,,
155,"Klang, Selangor",Unhealthy For Sensitive Groups,43.2,,,,,
156,"Shah Alam, Selangor",Moderate,19.9,,,,,
157,"Balok, Pahang",Moderate,15.0,29.7,,,,
158,"Kuala Selangor, Selangor",Moderate,14.7,,,,,
159,"Kuala Langat, Selangor",Moderate,14.1,,,,,
160,"Balik Pulau, Penang",Moderate,13.4,,,,,
161,"Pekan, Pahang",Good,11.3,,,,,
162,"Putrajaya, Putrajaya",Good,11.0,,,,,
163,"Kota Bharu, Kelantan",Good,10.6,,,,,
164,"San Juan de Lurigancho, Lima",Moderate,28.3,,24.8,,10.5,1.0
165,"Trujillo, La Libertad",Moderate,21.6,,,,,
166,"Lima, Lima",Good,11.6,19.7,,,,
167,"Cusco, Cusco",Good,8.7,,,,,
168,"HUACHIPA, Lima",Good,,,,,51.5,253.0
169,"El Tambo, Junin",Good,5.4,,,,,
170,"Chupaca, Junin",Good,4.0,,,,,
171,"Puerto Maldonado, Madre de Dios",Good,2.3,,,,,
172,"Santa Anita, Lima",Good,,,,50.4,15.4,
173,"Villa Maria del Triunfo, Lima",Good,,,,,12.9,1.0
174,"Valjevo, Central Serbia",Unhealthy,91.9,92.6,,59.8,7.7,
175,"Cacak, Central Serbia",Unhealthy,74.7,,,14.3,,
176,"Uzice, Central Serbia",Unhealthy,63.1,63.2,,2.7,10.0,
177,"Novi Pazar, Central serb",Unhealthy,55.7,56.6,27.5,46.8,23.2,
178,"Nis, Central Serbia",Unhealthy For Sensitive Groups,48.1,16.3,37.9,34.8,9.7,
179,"Pancevo, Central Serbia",Moderate,30.0,35.2,40.3,34.3,8.0,1170.0
180,"Gornji Milanovac, Central serb",Moderate,29.5,,,,,
181,"Kragujevac, Central Serbia",Moderate,27.2,,,61.8,,
182,"Pancevo, Autonomna Pokrajina Vojvodina",Moderate,21.6,21.9,38.8,15.0,12.9,
183,"Belgrade, Central Serbia",Moderate,20.0,16.5,29.0,32.2,9.2,530.0
184,"Moldava nad Bodvou, Kosice",Unhealthy For Sensitive Groups,46.0,59.4,,,,
185,"Nad Jazerom, Kosice",Unhealthy For Sensitive Groups,43.0,60.0,,,,
186,"Martin, Zilina",Unhealthy For Sensitive Groups,41.0,54.0,,,,
187,"Ruzomberok, Zilina",Unhealthy For Sensitive Groups,41.0,52.0,,,5.0,
188,"Kosice, Kosice",Unhealthy For Sensitive Groups,40.5,53.0,2.0,,5.0,787.5
189,"Handlova, Trencin",Unhealthy For Sensitive Groups,37.0,31.0,,,,
190,"Prievidza, Trencin",Unhealthy For Sensitive Groups,37.0,26.0,4.0,,,
191,"Banska Bystrica, Banska Bystrica",Unhealthy For Sensitive Groups,36.5,30.5,,34.5,,
192,"Krompachy, Kosice",Moderate,28.0,30.0,,,,
193,"Strazske, Kosice",Moderate,27.0,37.0,,,,
194,"Sants, Catalunya",Unhealthy For Sensitive Groups,41.7,,,,,
195,"Puebla de Alfinden, Aragon",Unhealthy For Sensitive Groups,39.5,,,,,
196,"Ponferrada, Castille and Leon",Unhealthy For Sensitive Groups,39.0,56.0,21.0,34.0,17.0,
197,"Leganés, Madrid",Moderate,34.0,36.0,16.0,54.0,,
198,"Carracedelo, Castille and Leon",Moderate,28.0,46.0,27.0,18.0,4.0,
199,"Sondika, Basque Country",Moderate,28.0,42.0,,28.0,,
200,"Chert/Xert, Valencia",Moderate,24.3,,,,,
201,"Puertollano, Castilla-La Mancha",Moderate,23.0,15.0,34.0,14.0,5.0,
202,"Beasain, Basque Country",Moderate,22.0,,,,2.0,0.0
203,"Ciutat Meridiana, Catalunya",Moderate,22.0,32.0,,,,
204,"Arwad, Tartus",Moderate,28.7,46.3,,18.4,7.9,
205,"Fiq, Quneitra",Moderate,28.8,,,,,
206,"Sreepur, Dhaka",Hazardous,256.9,,,,,
207,"Manikganj, Dhaka",Very Unhealthy,200.7,,,,,
208,"Dhaka, Dhaka",Very Unhealthy,177.5,,,,,
209,"Savar, Dhaka",Unhealthy,120.5,,,,,
210,"Narayanganj, Dhaka",Good,7.0,,,,,
211,"Rawalpindi, Punjab",Very Unhealthy,168.4,,,,,
212,"Lahore, Punjab",Unhealthy,126.0,,,,,
213,"Muridke, Punjab",Unhealthy,107.3,,,,,
214,"Islamabad, Islamabad",Unhealthy,100.0,,,,,
215,"Karachi, Sindh",Unhealthy,100.0,,,,,
216,"Raiwind, Punjab",Unhealthy,91.4,,,,,
217,"Ulaanbaatar, Ulaanbaatar",Unhealthy,76.3,158.0,3.0,24.0,215.0,18.0
218,"Hongor, Suhbaatar",Moderate,32.0,59.0,,9.0,14.0,
219,"Tsetserleg, Arhangay",Moderate,31.0,,,,,
220,"Ulaan-Uul, East Gobi Aymag",Moderate,32.0,138.0,,36.0,19.0,
221,"Urt, OEmnoegovi",Unhealthy For Sensitive Groups,32.0,214.0,,7.0,5.0,
222,"Sumber, East Aimak",Good,8.0,15.5,,5.0,6.0,
223,"Chonogol, Suhbaatar",Good,4.0,14.0,,17.0,38.0,
224,"Ulan Bator, Ulaanbaatar",,,,,,,
225,"Kabul, Kabul",Unhealthy For Sensitive Groups,51.5,,,,,
226,"Bahadurgarh, Haryana",Very Unhealthy,213.5,238.0,1.0,0.8,9.6,
227,"Delhi, Delhi",Hazardous,277.0,352.5,9.3,35.7,33.8,2550.0
228,"Sector, Uttar Pradesh",Hazardous,283.0,409.3,36.0,29.6,1.6,2420.0
229,"Dadri, Uttar Pradesh",Hazardous,254.0,447.8,1.0,125.0,1.6,
230,"Dharuhera, Haryana",Hazardous,209.6,445.4,3.0,86.0,2.4,2260.0
231,"Guwahati, Assam",Very Unhealthy,200.5,,,,,
232,"Shahdara, Delhi",Hazardous,268.7,338.0,30.3,169.6,,2301.5
233,"Muzaffarpur, Bihar",Hazardous,266.0,,12.0,2.4,7.2,
234,"Patna, Bihar",Very Unhealthy,242.2,,57.1,101.0,20.8,2580.0
235,"Bulandshahr, Uttar Pradesh",Hazardous,257.0,371.0,6.0,,16.8,
236,"Bandung, West Java",Unhealthy,75.9,,,,,
237,"Jakarta, Jakarta",Unhealthy For Sensitive Groups,38.6,,,,,
238,"Pekanbaru, Riau",Moderate,30.3,,,,,
239,"Duri, Riau",Moderate,28.6,,,,,
240,"Sedinginan, Riau",Moderate,25.4,,,,,
241,"Semarang, Central Java",Moderate,23.8,,,,,
242,"Balaipungut, Riau",Moderate,21.5,,,,,
243,"Dumai, Riau",Moderate,21.5,,,,,
244,"Medan, North Sumatra",Moderate,20.3,,,,,
245,"Semarapura, Bali",Moderate,17.2,,,,,
246,"Manama, Capital Governorate",Unhealthy,81.0,,,,,
247,"Siddharthanagar, Western Region",Unhealthy,116.3,,,,,
248,"Nepalgunj, Mid Western",Unhealthy,104.5,69.5,,,,
249,"Bhaktapur, Central Region",Unhealthy,102.4,,,,,
250,"Kathmandu, Central Region",Unhealthy,97.4,125.4,21.0,,,
251,"Kirtipur, Central Region",Unhealthy,94.4,59.1,,,,
252,"Tulsipur, Mid Western",Unhealthy,64.2,,,,,
253,"Patan, Central Region",Unhealthy,62.2,63.7,,,,
254,"Dhulikhel, Central Region",Unhealthy,56.7,57.2,,,,
255,"Pokhara, Western Region",Unhealthy For Sensitive Groups,53.7,,,,,
256,"Dhankuta, Eastern Region",Moderate,34.7,34.7,,,,
257,"Tashkent, Toshkent Shahri",Good,53.0,,4.0,,,
258,"Baghdad, Baghdad",Moderate,25.0,,,,,
259,"Nassau, New Providence",Good,6.6,,,,,
260,"Governor's Harbour, Central Eleuthera",Good,3.0,,,,,
261,"Charlotte Amalie, Saint Thomas Island",Good,2.8,,,,,
262,"Cruz Bay, Saint John Island",Good,0.6,,,,,
263,"Hafnarfjoerdur, Capital Region",Good,8.1,15.0,,3.6,3.6,
264,"Reykjavik, Capital Region",Good,7.0,11.0,,3.3,6.9,
265,"Kopavogur, Capital Region",Good,6.0,9.9,,0.0,0.0,
266,"Grundartangi, West",Good,3.5,5.5,,0.0,0.0,
267,"Akureyri, Northeast",Good,2.0,1.0,,28.6,,
268,"Isafjoerdur, Westfjords",Good,0.0,,,,,
269,"Reydarfjoerdur, East",,,,,,,
270,"Siuntio, Uusimaa",Moderate,14.7,,,,,
271,"Lansi-Turunmaa, Finland Proper",Moderate,13.4,21.4,,5.0,1.6,
272,"Lohja, Uusimaa",Moderate,12.8,,,,,
273,"Pertteli, Finland Proper",Good,11.7,,,,,
274,"Espoo, Uusimaa",Good,10.3,7.9,,5.0,0.0,
275,"Helsinki, Uusimaa",Good,8.4,7.5,40.2,0.0,0.0,
276,"Nurmijaervi, Uusimaa",Good,8.5,,,,,
277,"Vantaa, Uusimaa",Good,8.1,6.2,,8.2,,
278,"Hameenlinna, Tavastia Proper",Good,7.0,6.1,,1.8,,
279,"Seinajoki, Southern Ostrobothnia",Good,7.0,5.1,,7.0,,
280,"Sillamaee, Ida-Virumaa",Moderate,16.0,17.0,,,,
281,"Sinimaee, Ida-Virumaa",Moderate,12.5,16.1,,,0.9,
282,"Tartu, Tartumaa",Good,11.2,13.8,,12.6,0.0,300.0
283,"Voore, Jogevamaa",Good,10.1,,,5.9,0.0,
284,"Narva, Ida-Virumaa",Good,8.7,12.1,,9.2,0.0,
285,"Kohtla-Jaerve, Ida-Virumaa",Good,8.4,7.8,,10.5,3.2,
286,"Tallinn, Harjumaa",Good,8.0,16.8,22.0,14.7,0.0,280.0
287,"Parnu Jogi, Paernumaa",Good,,,,10.4,0.0,
288,"Solna, Stockholm",Moderate,14.7,,,,,
289,"Lilla Essingen, Stockholm",Moderate,13.6,,,,,
290,"Enkoeping, Uppsala län",Good,9.3,,,,,
291,"Norr Malma, Stockholm",Good,9.2,9.2,,7.2,,
292,"Haggvik, Stockholm",Good,8.6,12.3,,,,
293,"Sollentuna, Stockholm",Good,8.8,12.0,,,,
294,"Sodertalje, Stockholm",Good,8.0,9.1,,48.4,,
295,"Stockholm, Stockholm",Good,8.0,9.9,,11.3,,
296,"Kungsholmen, Stockholm",Good,7.9,10.7,,10.0,,
297,"Lund, Skåne län",Good,7.0,8.2,34.9,4.9,,
298,"Narvik, Nordland",Moderate,13.3,20.4,,,,
299,"Stavanger, Rogaland",Good,11.6,11.9,,30.5,,
300,"Hamar, Hedmark",Good,8.4,9.3,,5.8,,
301,"Trondheim, Sor-Trondelag",Good,8.3,10.6,,40.7,,
302,"Mo i Rana, Nordland",Good,7.7,12.1,,,,
303,"Drammen, Buskerud",Good,7.6,7.8,,15.8,,
304,"Harstad, Troms",Good,6.9,7.9,,5.3,,
305,"Sjolyststranda, Oslo",Good,6.3,6.7,7.0,11.4,0.0,
306,"Alesund, More og Romsdal",Good,5.0,5.7,,21.6,,
307,"Gjovik, Oppland",Good,4.5,4.9,,11.8,,
308,"Darfield, Canterbury",Moderate,12.4,,,,,
309,"Rangiora, Canterbury",Good,10.4,19.4,,,,
310,"Awatoto, Hawke's Bay",Good,9.2,21.2,,,,
311,"Hastings, Hawke's Bay",Good,9.1,10.9,,,,
312,"Gisborne, Gisborne",Good,8.6,24.5,,,,
313,"Winton, Southland",Good,8.6,,,,,
314,"Ashburton, Canterbury",Good,8.0,22.0,,,,
315,"Christchurch, Canterbury",Good,7.2,18.6,,,,
316,"Napier, Hawke's Bay",Good,7.3,19.4,,,,
317,"Wainuiomata, Wellington",Good,6.9,13.5,,,,
318,"Golden, British Columbia",Unhealthy For Sensitive Groups,46.0,30.7,,,,
319,"Houston, British Columbia",Unhealthy For Sensitive Groups,43.9,0.0,,,,
320,"Dawson City, Yukon",Unhealthy For Sensitive Groups,43.4,,,,,
321,"Barrie, Ontario",Moderate,31.0,,24.0,21.4,,
322,"Hamilton, Ontario",Moderate,31.1,27.0,31.0,22.9,0.8,
323,"Simcoe, Ontario",Moderate,29.8,,,,,
324,"Woodstock, Ontario",Moderate,28.5,,,,,
325,"Otterburn Park, Quebec",Moderate,26.3,,,,,
326,"Oshawa, Ontario",Moderate,24.0,,20.0,29.1,,
327,"Revelstoke, British Columbia",Moderate,24.2,,,,,
328,"Port Macquarie, New South Wales",Unhealthy For Sensitive Groups,53.8,2.6,2.0,3.8,,
329,"Muswellbrook, New South Wales",Unhealthy For Sensitive Groups,36.8,25.0,,1.9,2.6,
330,"Manilla, New South Wales",Moderate,33.6,51.0,,,,
331,"Geraldton, Western Australia",Moderate,14.0,118.3,,,,
332,"Goulburn, New South Wales",Moderate,23.1,15.5,74.0,1.9,,
333,"Coffs Harbour, New South Wales",Moderate,18.5,45.0,,1.9,,4.5
334,"Orange, New South Wales",Moderate,18.5,65.8,,,,
335,"Collie, Western Australia",Moderate,,79.5,,,,
336,"Moruya, New South Wales",Moderate,17.5,,,,,
337,"Wallsend, New South Wales",Moderate,84.9,69.2,18.0,9.4,15.7,
338,"Mitsuishi, Okayama",Unhealthy,61.0,76.0,,32.0,10.5,
339,"Mizuochicho, Fukui",Unhealthy For Sensitive Groups,52.0,,,62.0,,
340,"Seicho, Kagawa",Unhealthy For Sensitive Groups,47.0,75.0,,58.3,15.7,
341,"Osaka, Osaka",Unhealthy For Sensitive Groups,46.7,61.0,,112.8,,
342,"Toyocho, Aichi",Unhealthy For Sensitive Groups,44.0,53.0,,67.7,7.9,
343,"Amagasaki, Hyogo",Unhealthy For Sensitive Groups,43.0,,,,,916.0
344,"Kamihonnojimaecho, Kyoto",Unhealthy For Sensitive Groups,42.0,44.0,,56.4,,
345,"Sumauradori, Hyogo",Unhealthy For Sensitive Groups,42.0,,,97.8,,
346,"Goi, Chiba",Unhealthy For Sensitive Groups,41.0,,,79.0,15.7,
347,"Kaidecho, Kyoto",Unhealthy For Sensitive Groups,41.0,25.0,,48.9,2.6,
348,"Datong, Shanxi",Hazardous,277.0,1159.0,8.0,66.0,72.0,2600.0
349,"Xinzhou, Shanxi",Hazardous,280.0,1133.0,9.0,35.0,129.0,1100.0
350,"Hohhot, Inner Mongolia",Hazardous,287.5,1000.0,8.0,47.0,23.0,2511.0
351,"Zhangjiakou, Hebei",Hazardous,103.0,925.5,16.0,38.5,14.0,1290.5
352,"Daqing, Heilongjiang",Hazardous,259.0,862.0,5.0,72.0,69.0,3200.0
353,"Baotou, Inner Mongolia",Hazardous,250.0,853.0,9.0,56.0,36.0,2800.0
354,"Taiyuan, Shanxi",Hazardous,223.0,750.0,11.0,46.0,24.0,1400.0
355,"Yulin, Shaanxi",Hazardous,217.0,723.0,5.0,57.5,14.5,1896.5
356,"Lvliang, Shanxi",Hazardous,143.0,636.0,6.0,38.0,47.0,1000.0
357,"Jining, Inner Mongolia",Hazardous,147.0,466.0,20.0,30.0,27.0,896.0
358,"Golden, British Columbia",Unhealthy,66.9,30.7,,,,
359,"Houston, British Columbia",Unhealthy,78.8,0.0,,,,
360,"Dawson City, Yukon",Unhealthy For Sensitive Groups,43.4,,,,,
361,"Barrie, Ontario",Moderate,31.0,,24.0,21.4,,
362,"Hamilton, Ontario",Moderate,34.7,27.0,31.0,22.9,0.8,
363,"Simcoe, Ontario",Unhealthy For Sensitive Groups,40.1,,,,,
364,"Woodstock, Ontario",Moderate,27.8,,,,,
365,"Otterburn Park, Quebec",Moderate,30.0,,,,,
366,"Oshawa, Ontario",Moderate,24.0,,20.0,29.1,,
367,"Revelstoke, British Columbia",Moderate,24.9,,,,,
368,"Hanoi, Hanoi",Unhealthy,128.6,156.0,,37.8,,1800.8
369,"Ben Cat, Tinh Binh Duong",Unhealthy,138.6,,,,,
370,"Van Dien, Hanoi",Unhealthy,112.4,141.5,,24.9,,1019.9
371,"Phuc Yen, Tinh Vinh Phuc",Unhealthy,130.3,228.0,,,,
372,"Luong Son, Tinh Hoa Binh",Unhealthy,129.4,239.5,,,,
373,"Cho, Tinh Bac Ninh",Unhealthy,104.1,136.0,2.3,25.9,4.5,662.6
374,"Cau Dien, Hanoi",Unhealthy,107.7,170.9,0.0,64.1,3.4,1491.9
375,"Bac Ninh, Tinh Bac Ninh",Unhealthy,115.4,169.3,,,87.6,
376,"Nhu Quynh, Tinh Hung Yen",Unhealthy,138.0,318.0,0.0,35.3,9.9,4.7
377,"Pho Moi, Tinh Bac Ninh",Unhealthy,115.2,231.1,3.2,89.2,140.3,0.0
378,"Scunthorpe, England",Unhealthy For Sensitive Groups,39.4,21.0,,,,
379,"Cupar, Scotland",Moderate,26.3,29.2,,36.6,,
380,"Norwich, England",Unhealthy For Sensitive Groups,46.2,25.0,10.0,39.5,,
381,"Holywood, Northern Ireland",Moderate,15.2,,,27.0,,
382,"East Ham, England",Moderate,20.0,,,,,
383,"Middlesbrough, England",Moderate,28.4,19.3,19.2,25.8,5.3,
384,"Nantwich, England",Moderate,16.9,,,,,
385,"Inverness, Scotland",Moderate,16.5,18.2,,36.7,,
386,"Kensington, England",Moderate,16.0,10.8,35.4,22.9,,
387,"Redcar, England",Moderate,15.0,13.3,,,,
388,"Contes, Provence-Alpes-Cote d'Azur",Unhealthy For Sensitive Groups,39.0,74.3,,,,
389,"Biot, Provence-Alpes-Cote d'Azur",Moderate,28.1,,,,,
390,"Sallanches, Auvergne-Rhône-Alpes",Moderate,31.0,37.2,,,,
391,"La Lechere, Auvergne-Rhone-Alpes",Moderate,25.0,29.8,,,,
392,"Portes-les-Valence, Auvergne-Rhone-Alpes",Moderate,22.0,30.8,25.9,20.3,,
393,"Passy, Auvergne-Rhone-Alpes",Moderate,21.0,43.0,4.4,32.6,,
394,"Nice, Provence-Alpes-Cote d'Azur",Moderate,20.9,25.1,13.2,20.7,,
395,"Saint-Jean-de-Maurienne, Auvergne-Rhone-Alpes",Moderate,18.0,23.0,20.3,22.4,4.7,
396,"Saint-Martin-d'Heres, Auvergne-Rhone-Alpes",Moderate,16.6,17.2,26.2,28.9,,
397,"Ternay, Auvergne-Rhone-Alpes",Moderate,16.0,17.1,9.1,32.4,,
398,"Passau, Bavaria",Moderate,23.0,30.0,,,,
399,"Meppen, Lower Saxony",Good,3.9,,,,,
400,"Oberaudorf, Bavaria",Moderate,22.0,29.0,,63.0,,
401,"Gelsenkirchen, Nordrhein-Westfalen",Moderate,17.0,20.0,,10.0,,
402,"Hagen, Nordrhein-Westfalen",Moderate,17.0,23.0,,,,
403,"Mönchengladbach, Nordrhein-Westfalen",Moderate,16.0,22.0,,,,
404,"Duisburg, Nordrhein-Westfalen",Moderate,15.0,23.5,46.0,19.0,27.5,
405,"Eppelheim, Baden-Wuerttemberg",Good,11.1,,,,,
406,"Lindau (Bodensee), Bavaria",Moderate,15.0,18.0,,,,0.0
407,"Oberhausen, Nordrhein-Westfalen",Moderate,15.0,24.0,,12.0,,
408,"Phra Samut Chedi, Samut Prakan",Very Unhealthy,154.0,180.0,10.0,92.1,13.1,973.3
409,"Thawi Watthana, Bangkok",Unhealthy,136.6,,,,,
410,"Samut Prakan, Samut Prakan",Unhealthy,83.8,158.0,100.0,79.0,26.2,1328.2
411,"Saraburi, Sara Buri",Unhealthy,130.0,202.0,34.0,54.5,,
412,"Sam Phran, Nakhon Pathom",Unhealthy,119.1,,,,,
413,"Samut Sakhon, Samut Sakhon",Unhealthy,107.9,178.5,22.0,45.1,31.4,1351.1
414,"Tha Yang, Phetchaburi",Unhealthy,72.4,,,,,
415,"Lat Phrao, Bangkok",Unhealthy,58.0,109.0,,,,
416,"Nong Bua Lamphu, Nong Bua Lamphu",Unhealthy,95.4,,,,,
417,"Mueang Nonthaburi, Nonthaburi",Unhealthy,101.4,,,,,
418,"Chiasso, Ticino",Moderate,35.0,41.0,0.0,64.0,,
419,"Mendrisio, Ticino",Moderate,30.0,34.0,6.0,42.0,,
420,"Ecublens, Vaud",Moderate,29.2,,,,,
421,"Rhaezuens, Grisons",Moderate,19.0,24.5,11.1,,,
422,"Chur, Grisons",Moderate,17.0,23.3,42.2,44.4,,
423,"Sion, Valais",Moderate,16.0,21.0,39.0,53.0,,
424,"Aigle, Vaud",Moderate,15.0,19.0,2.0,49.0,,
425,"Bex, Vaud",Moderate,14.0,17.0,12.0,38.0,,
426,"Lumino, Ticino",Good,9.0,12.1,,24.4,,
427,"Santa Maria in Calanca, Grisons",Good,9.0,12.6,60.2,16.1,,
428,"Messini, Peloponnese",Moderate,28.8,,,,,
429,"Peristeri, Attica",Good,7.1,,,,,
430,"Alexandroupoli, East Macedonia and Thrace",Moderate,32.5,,,,,
431,"Khalandrion, Attica",Moderate,28.3,,,,,
432,"Orestiada, East Macedonia and Thrace",Moderate,35.1,,,,,
433,"Vasilika, Central Macedonia",Moderate,20.4,,,,,
434,"Vrilissia, Attica",Moderate,16.0,,,,,
435,"Xanthi, East Macedonia and Thrace",Moderate,21.4,,,,,
436,"Souroti, Central Macedonia",Moderate,17.3,,,,,
437,"Thermi, Central Macedonia",Moderate,18.4,,,,,
438,"Cruzeiro do Sul, Acre",Good,9.5,,,,,
439,"Osasco, Sao Paulo",Good,11.0,14.0,,83.0,1.0,687.0
440,"Rio Claro, Sao Paulo",Good,11.0,8.0,,,,
441,"Jundiai, Sao Paulo",Good,10.0,15.0,5.0,36.0,,
442,"Santa Gertrudes, Sao Paulo",Good,10.0,22.0,,,,
443,"Sao Caetano do Sul, Sao Paulo",Good,10.0,3.0,38.0,8.0,1.0,
444,"Sao Paulo, Sao Paulo",Good,10.0,10.0,32.0,12.0,,229.0
445,"Maua, Sao Paulo",Good,9.0,29.0,31.0,11.0,1.0,
446,"Mogi Mirim, Sao Paulo",Good,,35.0,11.0,39.0,9.0,
447,"Sao Bernardo do Campo, Sao Paulo",Good,7.0,,35.0,10.0,,
448,"Zyryanka, Chukot",Unhealthy,86.0,,,,,
449,"Berezovka, Krasnoyarsk Krai",Unhealthy,60.0,,,120.0,50.0,380.0
450,"Magnitogorsk, Chelyabinsk",Moderate,35.0,,,,,
451,"Krasnoyarsk, Krasnoyarsk Krai",Good,9.8,,,60.0,20.0,20.0
452,"Kamensk-Shakhtinskiy, Rostov",Moderate,16.0,,,,,
453,"Balashikha, Moscow Oblast",Moderate,12.4,,,,,
454,"Saint Petersburg, St.-Petersburg",Good,11.0,,,,,
455,"Tol'yatti, Samara",Good,8.5,,,,,
456,"Gelendzhik, Krasnodarskiy",Good,6.0,,,,,
457,"Serpukhov, Moscow Oblast",Good,12.0,,,,,
458,"Makati, National Capital Region",Unhealthy For Sensitive Groups,50.0,,,,,
459,"Paranaque, National Capital Region",Moderate,31.4,,,,,
460,"Pasig City, National Capital Region",Moderate,29.5,,,,,
461,"Cavite City, Calabarzon",Moderate,22.3,,,,,
462,"Pasig, National Capital Region",Moderate,17.7,,,,,
463,"Quezon City, National Capital Region",Moderate,17.6,,,,,
464,"San Juan, National Capital Region",Moderate,17.8,,,,,
465,"Davao City, Davao",Moderate,17.5,33.2,,9.4,,
466,"Puerto Princesa, Mimaropa",Moderate,17.0,27.0,,,,
467,"Marikina, National Capital Region",Moderate,13.3,,,,,
468,"Yangon, Yangon",Unhealthy,92.3,,4.0,,,
469,"Mandalay, Mandalay",Unhealthy,68.5,,,,,
470,"Syriam, Yangon",Unhealthy For Sensitive Groups,47.5,,,,,
471,"Vientiane, Vientiane",Unhealthy For Sensitive Groups,53.4,,,,,
472,"Prairie Ridge, Washington",Unhealthy,83.9,,,,,
473,"Matheny, California",Unhealthy,68.2,,,,,
474,"Live Oak, California",Unhealthy,62.4,,,,,
475,"Tillmans Corner, Alabama",Unhealthy,59.2,,,,,
476,"Bethlehem, Pennsylvania",Unhealthy,57.9,,,,,
477,"Bakersfield, California",Unhealthy,55.9,,66.0,18.8,,
478,"Half Moon Bay, California",Unhealthy,55.6,,,,,
479,"Lacey, Washington",Unhealthy,56.2,36.7,,,,
480,"Del Rey, California",Unhealthy For Sensitive Groups,55.2,,,,,
481,"Emmaus, Pennsylvania",Unhealthy For Sensitive Groups,54.8,,,,,
482,"Burgas, Burgas",Moderate,14.0,22.0,50.6,,14.7,0.0
483,"Sofia, Sofia",Moderate,21.0,12.8,53.5,6.2,12.6,0.0
484,"Vratsa, Vratsa",Moderate,21.0,29.9,61.5,3.3,,0.0
485,"Ruse, Ruse",Moderate,19.9,24.0,38.5,32.5,,0.0
486,"Dobrich, Dobrich",Moderate,19.0,25.1,,,,
487,"Oriyakovica, Veliko Tarnovo",Moderate,19.0,24.2,34.5,3.6,7.9,
488,"Nesebar, Burgas",Moderate,18.0,26.8,,4.5,2.0,
489,"Shumen, Shumen",Moderate,17.0,22.4,57.6,3.4,5.0,
490,"Plovdiv, Plovdiv",Moderate,16.0,21.3,55.9,,8.0,0.0
491,"Blagoevgrad, Blagoevgrad",Good,11.0,14.1,35.0,7.0,,
492,"Banting, Selangor",Unhealthy For Sensitive Groups,41.9,,,,,
493,"Petaling Jaya, Selangor",Unhealthy For Sensitive Groups,41.9,,,,,
494,"Kangar, Perlis",Moderate,28.9,,,,,
495,"Kuala Langat, Selangor",Unhealthy For Sensitive Groups,37.4,,,,,
496,"Klang, Selangor",Moderate,26.3,,,,,
497,"Kuah, Kedah",Moderate,23.7,,,,,
498,"Prai, Penang",Moderate,23.7,,,,,
499,"Shah Alam, Selangor",Moderate,23.7,,,,,
500,"Alor Setar, Kedah",Moderate,22.5,,,,,
501,"Kuala Terengganu, Terengganu",Moderate,21.2,,,,,
502,"El Tambo, Junin",Moderate,34.2,,,,,
503,"San Juan de Lurigancho, Lima",Moderate,16.1,,4.5,,9.6,1.0
504,"Carabayllo, Lima",Moderate,13.8,2.0,3.4,,4.3,
505,"Trujillo, La Libertad",Moderate,19.7,,,,,
506,"Lima, Lima",Moderate,12.2,16.3,,,,
507,"Chupaca, Junin",Good,9.6,,,,,
508,"Inapari, Madre de Dios",Good,5.0,,,,,
509,"HUACHIPA, Lima",Good,,,,2.6,50.5,46.0
510,"Puerto Maldonado, Madre de Dios",Good,4.1,,,,,
511,"Santa Anita, Lima",Good,,,,3.3,17.1,
512,"Gornji Milanovac, Central serb",Very Unhealthy,150.6,,,,,
513,"KOSJERIC, Central Serbia",Unhealthy,123.1,122.9,5.8,13.9,5.1,
514,"Valjevo, Central Serbia",Unhealthy,87.1,87.6,,46.2,14.7,
515,"Cacak, Central Serbia",Unhealthy,83.7,,,16.9,,
516,"Nis, Central Serbia",Unhealthy,57.0,66.3,29.2,16.4,16.4,
517,"Novi Pazar, Central serb",Unhealthy For Sensitive Groups,54.4,54.7,,47.0,12.6,
518,"Paracin, Central serb",Unhealthy For Sensitive Groups,45.0,49.1,9.8,8.2,4.5,
519,"Lipe, Central Serbia",Unhealthy For Sensitive Groups,38.8,,,,,
520,"Pancevo, Autonomna Pokrajina Vojvodina",Moderate,33.0,34.7,22.3,16.5,15.8,
521,"Belgrade, Central Serbia",Moderate,23.8,23.6,51.2,11.9,23.0,510.0
522,"Moldava nad Bodvou, Kosice",Unhealthy,77.8,89.9,,,,
523,"Jelsava, Banska Bystrica",Unhealthy For Sensitive Groups,39.0,81.8,14.6,12.7,,
524,"Kosice, Kosice",Unhealthy For Sensitive Groups,41.0,47.5,4.0,,7.0,781.5
525,"Vranov nad Toplou, Presov",Unhealthy For Sensitive Groups,46.0,49.0,,,5.0,
526,"Strazske, Kosice",Unhealthy For Sensitive Groups,46.0,47.0,,,,
527,"Krompachy, Kosice",Moderate,31.0,32.0,,,11.0,
528,"Hnusta, Banska Bystrica",Moderate,32.0,43.0,,,,
529,"Nad Jazerom, Kosice",Moderate,25.0,32.0,,,,
530,"Ruzomberok, Zilina",Moderate,15.0,17.0,3.0,,3.0,
531,"Novaky, Nitra",Moderate,17.0,8.0,,,2.0,
532,"Pontecesures, Galicia",Unhealthy,56.7,57.0,2.7,,1.0,
533,"Lugo, Galicia",Unhealthy,55.8,51.5,1.0,,2.0,
534,"Algete, Madrid",Unhealthy For Sensitive Groups,49.0,,42.0,68.0,,
535,"Getafe, Madrid",Unhealthy For Sensitive Groups,49.0,46.0,2.0,86.0,,
536,"Coslada, Madrid",Unhealthy For Sensitive Groups,48.0,49.0,3.0,71.0,,
537,"Toledo, Castilla-La Mancha",Unhealthy For Sensitive Groups,47.0,48.0,2.0,34.0,2.0,
538,"Leganés, Madrid",Unhealthy For Sensitive Groups,44.0,53.0,1.0,96.0,,
539,"Ourense, Galicia",Unhealthy For Sensitive Groups,44.2,119.8,1.0,,1.2,
540,"Valdemoro, Madrid",Unhealthy For Sensitive Groups,44.0,,10.0,1.0,,
541,"Villa del Prado, Madrid",Unhealthy For Sensitive Groups,44.0,0.0,1.0,44.0,1.0,0.0
542,"Fiq, Quneitra",Moderate,14.0,,,,,
543,"Arwad, Tartus",Good,3.0,12.9,,33.5,1.3,
544,"Dhaka, Dhaka",Very Unhealthy,182.1,,,,,
545,"Manikganj, Dhaka",Very Unhealthy,171.0,,,,,
546,"Savar, Dhaka",Unhealthy,119.1,,,,,
547,"Sreepur, Dhaka",Unhealthy,81.6,,,,,
548,"Narayanganj, Dhaka",Good,8.0,,,,,
549,"Rawalpindi, Punjab",Hazardous,276.3,,,,,
550,"Faisalabad, Punjab",Very Unhealthy,214.2,,,,,
551,"Islamabad, Islamabad",Unhealthy,132.8,,,,,
552,"Bahawalpur, Punjab",Very Unhealthy,154.6,,,,,
553,"Lahore, Punjab",Unhealthy,100.1,,,,,
554,"Sahiwal, Punjab",Unhealthy,126.5,,,,,
555,"Muridke, Punjab",Unhealthy,67.1,,,,,
556,"Abbottabad, Khyber Pakhtunkhwa",Unhealthy For Sensitive Groups,48.2,,,,,
557,"Multan, Punjab",Unhealthy,62.6,,,,,
558,"Peshawar, Khyber Pakhtunkhwa",Unhealthy For Sensitive Groups,55.0,,,,,
559,"Tsetserleg, Arhangay",Unhealthy For Sensitive Groups,48.9,,,,,
560,"Darhan, Darhan Uul",Unhealthy,60.1,,,,,
561,"Ulaanbaatar, Ulaanbaatar",Unhealthy,64.3,307.0,13.0,26.0,57.0,9.0
562,"Urt, OEmnoegovi",Moderate,28.0,38.0,,11.0,7.0,
563,"Ulaan-Uul, East Gobi Aymag",Moderate,13.0,18.0,,10.0,,
564,"Sumber, East Aimak",Good,12.0,5.0,,4.0,6.5,
565,"Chonogol, Suhbaatar",Good,4.0,6.0,,5.0,,8.0
566,"Hongor, Suhbaatar",Good,1.0,19.0,,6.0,10.0,
567,"Ulan Bator, Ulaanbaatar",,,,,,,
568,"Kabul, Kabul",Hazardous,287.0,,,,,
569,"Pitampura, Delhi",Hazardous,328.0,504.0,8.5,55.0,16.4,2920.0
570,"Loni, Uttar Pradesh",Hazardous,310.0,446.6,28.0,42.5,20.0,
571,"Guwahati, Assam",Hazardous,252.0,,,,,
572,"Dadri, Uttar Pradesh",Very Unhealthy,238.3,389.3,1.0,136.0,4.0,
573,"Greater Noida, Uttar Pradesh",Very Unhealthy,227.9,348.0,3.0,,11.2,
574,"Baraut, Uttar Pradesh",Very Unhealthy,217.0,364.3,38.0,,,
575,"Delhi, Delhi",Unhealthy,88.0,140.9,6.8,50.2,43.0,2400.0
576,"Noida, Uttar Pradesh",Very Unhealthy,207.0,350.4,8.0,61.3,9.2,2900.0
577,"Patna, Bihar",Very Unhealthy,196.6,,54.1,108.0,21.6,2900.0
578,"Uran, Maharashtra",Very Unhealthy,187.5,280.0,12.0,,8.8,
579,"Medan, North Sumatra",Unhealthy For Sensitive Groups,55.4,,,,,
580,"Jakarta, Jakarta",Unhealthy,68.4,,,,,
581,"Bandung, West Java",Unhealthy For Sensitive Groups,40.1,,,,,
582,"Semarang, Central Java",Unhealthy For Sensitive Groups,38.8,,,,,
583,"Palembang, South Sumatra",Moderate,25.7,,,,,
584,"Jimbaran, Bali",Moderate,18.1,,,,,
585,"Bogor, West Java",Moderate,17.8,11.0,,,,
586,"Yogyakarta, Yogyakarta",Moderate,20.0,,,,,
587,"Dumai, Riau",Moderate,14.4,,,,,
588,"Denpasar, Bali",Moderate,12.8,,,,,
589,"Manama, Capital Governorate",Moderate,0.0,,,,,
590,"Kathmandu, Central Region",Very Unhealthy,180.0,193.5,0.0,,,
591,"Siddharthanagar, Western Region",Very Unhealthy,161.1,,,,,
592,"Bharatpur, Central Region",Unhealthy,122.1,43.9,,,,
593,"Nepalgunj, Mid Western",Unhealthy,106.7,67.2,,,,
594,"Dhankuta, Eastern Region",Unhealthy,87.4,89.5,,,,
595,"Patan, Central Region",Unhealthy,84.6,108.1,,,,
596,"Pokhara, Western Region",Unhealthy For Sensitive Groups,53.3,,,,,
597,"Kirtipur, Central Region",Unhealthy For Sensitive Groups,52.0,123.2,,,,
598,"Tulsipur, Mid Western",Unhealthy For Sensitive Groups,41.7,59.1,,,,
599,"Bhaktapur, Central Region",Unhealthy For Sensitive Groups,39.2,56.1,,,,
600,"Tashkent, Toshkent Shahri",Unhealthy,66.0,,4.0,,,
601,"Baghdad, Baghdad",Unhealthy For Sensitive Groups,53.4,,,,,
602,"Nassau, New Providence",Good,4.4,,,,,
603,"Governor's Harbour, Central Eleuthera",Good,3.7,,,,,
604,"Charlotte Amalie, Saint Thomas Island",Good,0.6,,,,,
605,"Cruz Bay, Saint John Island",Good,0.0,,,,,
606,"Isafjoerdur, Westfjords",Good,0.0,,,,,
607,"Lohja, Uusimaa",Good,9.8,,,,,
608,"Nurmijaervi, Uusimaa",Good,9.2,,,,,
609,"Imatra, South Karelia",Good,9.0,6.7,,2.5,1.0,
610,"Siuntio, Uusimaa",Good,7.9,,,,,
611,"Raisio, Finland Proper",Good,7.3,7.8,,11.4,0.0,
612,"Tampere, Pirkanmaa",Good,6.7,7.2,,18.7,,
613,"Joensuu, North Karelia",Good,6.8,9.7,,25.6,,
614,"Lansi-Turunmaa, Finland Proper",Good,6.1,11.1,,4.9,1.1,
615,"Pertteli, Finland Proper",Good,6.7,,,,,
616,"Vantaa, Uusimaa",Good,6.3,5.4,,4.1,,
617,"Tallinn, Harjumaa",Good,9.0,12.3,13.7,30.1,2.7,340.0
618,"Tartu, Tartumaa",Good,8.5,12.9,,24.2,0.0,350.0
619,"Sinimaee, Ida-Virumaa",Good,4.0,6.0,,,0.0,
620,"Voore, Jogevamaa",Good,4.0,,,2.2,0.7,
621,"Sillamaee, Ida-Virumaa",Good,3.6,4.0,,,,
622,"Kohtla-Jaerve, Ida-Virumaa",Good,3.5,4.3,,5.0,0.8,
623,"Narva, Ida-Virumaa",Good,2.8,6.1,,16.0,0.3,
624,"Parnu Jogi, Paernumaa",,,,,,,
625,"Enkoeping, Uppsala län",Moderate,12.3,,,,,
626,"Linköping, Östergötlands län",Good,10.5,,,,,
627,"Solna, Stockholm",Good,9.3,,,,,
628,"Kungsbacka, Hallands län",Good,8.7,,,,,
629,"Lilla Essingen, Stockholm",Good,8.3,,,,,
630,"Malmö, Skåne län",Good,8.0,3.5,9.6,24.8,,
631,"Norrköping, Östergötlands län",Good,7.0,8.5,,,,
632,"Bredkalen, Jaemtland",Good,6.3,6.4,,,,
633,"Uppsala, Uppsala län",Good,6.0,8.8,,14.0,,
634,"Saro, Hallands län",Good,5.3,,,,,
635,"Stavanger, Rogaland",Unhealthy For Sensitive Groups,42.4,52.0,,86.0,,
636,"Alesund, More og Romsdal",Moderate,17.0,23.4,,3.9,,
637,"Trondheim, Sor-Trondelag",Unhealthy For Sensitive Groups,36.2,43.6,,83.1,,
638,"Oslo, Oslo",Good,10.6,24.7,,51.6,,0.0
639,"Lillestrom, Akershus",Good,9.9,6.6,,22.9,,
640,"Mo i Rana, Nordland",Moderate,20.6,31.6,,,,
641,"Narvik, Nordland",Moderate,31.4,52.7,,,,
642,"Ski, Akershus",Good,10.1,,,,,
643,"Sandsli, Hordaland",Moderate,17.5,20.7,,44.2,,
644,"Bodo, Nordland",Good,6.7,42.4,,,,
645,"Rangiora, Canterbury",Good,10.2,20.7,,,,
646,"Kaiapoi, Canterbury",Moderate,13.2,23.9,,,,
647,"Ruakaka, Northland",Good,,7.5,,,,
648,"Ashburton, Canterbury",Good,7.9,22.5,,,,
649,"Geraldine, Canterbury",Good,7.3,21.4,,,,
650,"Waimate, Canterbury",Good,7.0,20.4,,,,
651,"Awatoto, Hawke's Bay",Good,6.6,21.1,,,,
652,"Blenheim, Marlborough",Good,6.5,4.9,,,,
653,"Timaru, Canterbury",Good,6.6,29.8,,,3.9,500.0
654,"Gisborne, Gisborne",Good,6.3,24.5,,,,
655,"Regina, Saskatchewan",Unhealthy For Sensitive Groups,42.1,,8.0,58.3,,
656,"St. Albert, Alberta",Moderate,35.2,,2.0,82.7,2.6,
657,"Winnipeg, Manitoba",Moderate,35.3,,5.4,13.5,,
658,"Edmonton, Alberta",Moderate,32.4,,2.0,77.1,2.6,
659,"Brandon, Manitoba",Moderate,34.9,,,17.7,,
660,"Sherwood Park, Alberta",Moderate,19.1,,32.0,42.3,2.6,
661,"Stettler, Alberta",Moderate,27.7,,,,,
662,"Watrous, Saskatchewan",Moderate,18.8,,,,,
663,"Houston, British Columbia",Moderate,32.9,3.8,,,,
664,"Rideau Park, Alberta",Moderate,30.0,,2.0,67.7,2.6,
665,"Kembla Grange, New South Wales",Unhealthy For Sensitive Groups,42.1,51.6,,1.9,,
666,"Muswellbrook, New South Wales",Moderate,30.8,21.5,,11.3,2.6,
667,"Manilla, New South Wales",Moderate,26.3,24.2,,,,
668,"Tamworth, New South Wales",Moderate,23.7,2.1,,,,
669,"Shellharbour, New South Wales",Moderate,21.5,4.1,,1.9,,
670,"Swan, Western Australia",Moderate,13.5,46.2,,67.7,,
671,"Busselton, Western Australia",Moderate,6.1,57.0,,,,
672,"Albany, Western Australia",Good,,55.0,,,,
673,"Geraldton, Western Australia",Good,7.0,46.2,,,,
674,"Beresfield, New South Wales",Good,2.4,37.9,,3.8,7.9,
675,Dhaka,Very Unhealthy,227.5,,,,,
676,Delhi,Very Unhealthy,137.7,201.2,9.8,35.0,12.6,1181.7
677,Bishkek,Very Unhealthy,157.4,2.2,,,,
678,Kathmandu,Unhealthy,112.2,198.5,14.8,,,
679,Lahore,Unhealthy,104.5,,,,,
680,Kolkata,Unhealthy,78.3,131.7,36.1,36.3,11.0,510.0
681,Mumbai,Unhealthy,115.7,230.4,13.6,37.5,19.4,1281.3
682,Kabul,Unhealthy,83.6,,,,,
683,Chengdu,Unhealthy,77.4,104.7,5.8,51.1,6.5,880.0
684,Riyadh,Unhealthy,90.4,,,,,
685,Karachi,Unhealthy,56.9,,,,,
686,Nur-Sultan,Unhealthy,51.6,86.3,,27.1,36.7,1066.6
687,Tehran,Unhealthy,67.7,86.6,14.4,260.3,31.6,2833.9
688,Chongqing,Unhealthy,60.4,87.7,6.0,41.3,8.8,900.0
689,Warsaw,Unhealthy,62.3,60.8,3.9,30.3,,0.8
690,Ulaanbaatar,Unhealthy For Sensitive Groups,51.8,59.4,15.0,10.7,28.8,5.8
691,Yangon,Unhealthy For Sensitive Groups,59.3,,2.0,,,
692,Belgrade,Unhealthy For Sensitive Groups,41.1,35.7,15.5,15.0,7.1,572.0
693,Milano,Unhealthy For Sensitive Groups,54.1,,3.7,70.6,3.8,1.5
694,Wuhan,Unhealthy For Sensitive Groups,42.2,76.9,29.2,53.1,11.6,630.0
695,Sarajevo,Unhealthy For Sensitive Groups,58.6,77.1,12.3,33.9,44.0,
696,Kyiv,Unhealthy For Sensitive Groups,37.6,,,,,
697,Krasnoyarsk,Unhealthy For Sensitive Groups,20.2,,,208.3,39.2,335.7
698,Kuwait City,Unhealthy For Sensitive Groups,42.8,,,,,
699,Hanoi,Moderate,28.1,39.7,0.0,13.7,0.7,634.0
700,Ho Chi Minh City,Unhealthy For Sensitive Groups,38.9,,,,,
701,Mexico City,Unhealthy For Sensitive Groups,27.3,34.7,58.3,26.2,4.4,732.8
702,Jerusalem,Moderate,22.3,103.3,2.0,7.8,,
703,Johannesburg,Moderate,34.1,39.9,21.6,28.9,5.7,
704,Salt Lake City,Moderate,23.8,,32.0,63.5,0.4,57.3
705,Chiang Mai,Moderate,36.7,60.2,55.3,9.6,4.7,
706,Shanghai,Moderate,35.2,64.1,35.0,44.5,12.9,791.7
707,San Francisco,Moderate,20.8,,18.0,33.6,,
708,Paris,Moderate,28.3,34.8,6.5,53.6,1.8,0.6
709,Kaohsiung,Moderate,21.8,39.3,38.9,27.3,7.5,439.2
710,Portland,Moderate,13.3,,2.8,3.7,2.7,17.1
711,Tel Aviv-Yafo,Moderate,19.0,33.6,66.7,21.0,4.3,257.6
712,Hangzhou,Moderate,23.8,61.3,40.5,29.2,7.8,590.0
713,Seattle,Moderate,10.1,,,,,
714,Wroclaw,Moderate,24.9,3.8,10.3,20.9,4.7,967.6
715,Budapest,Moderate,20.7,23.8,9.1,27.0,4.8,516.7
716,Krakow,Moderate,36.3,37.9,,18.1,4.8,
717,Jakarta,Moderate,12.2,28.5,,,,
718,London,Moderate,12.1,11.8,26.9,16.0,1.0,900.0
719,Zagreb,Moderate,14.6,41.5,50.7,7.4,3.0,300.0
720,Brussels,Moderate,15.5,18.8,2.0,41.7,1.0,0.0
721,Shenyang,Moderate,47.0,67.5,21.1,39.8,26.3,1221.4
722,Seoul,Moderate,16.7,27.0,33.7,49.7,12.0,629.8
723,Vienna,Moderate,14.2,15.4,35.7,11.9,1.0,275.0
724,Bern,Moderate,14.0,24.5,5.0,,,
725,Bratislava,Moderate,15.6,17.3,23.2,22.8,4.0,
726,Incheon,Moderate,18.9,28.8,34.8,39.2,12.9,639.3
727,Moscow,Moderate,14.0,16.1,5.5,27.6,2.1,276.7
728,Rotterdam,Moderate,17.9,16.5,,63.7,,
729,Lyon,Moderate,12.8,15.7,38.9,12.8,,
730,Phnom Penh,Moderate,15.0,,,,,
731,Taipei,Moderate,13.1,28.3,51.0,22.4,3.8,358.8
732,Denver,Moderate,10.2,26.0,46.2,57.5,1.1,278.1
733,Shenzhen,Moderate,10.6,32.0,44.4,22.2,8.0,558.3
734,Dubai,Moderate,11.6,,,,,
735,Sao Paulo,Good,11.5,16.7,43.7,15.0,2.0,381.7
736,Beijing,Good,12.8,51.1,43.4,22.8,3.1,333.3
737,Hong Kong,Good,11.0,29.4,37.2,36.2,5.1,530.7
738,Munich,Good,11.0,13.5,36.0,19.5,,0.0
739,Prague,Good,11.3,18.2,8.7,22.7,,659.6
740,Guangzhou,Good,10.3,25.8,55.1,19.5,8.5,466.7
741,Lima,Good,9.3,11.9,,,,
742,Busan,Good,10.2,18.1,,16.9,7.9,343.5
743,Oslo,Good,6.9,9.8,,14.6,,0.0
744,Bogota,Good,7.5,16.5,11.6,,,
745,Amsterdam,Good,8.9,12.2,10.2,47.4,0.5,446.3
746,Bangkok,Good,8.7,39.5,48.0,4.4,,838.7
747,Singapore,Good,8.0,26.4,6.1,12.1,3.0,0.0
748,Vancouver BC,Good,6.2,5.5,22.3,29.4,0.7,262.8
749,Kobe,Good,7.6,9.0,,25.6,,
750,Kuala Lumpur,Good,6.7,,,,,
751,Madrid,Good,2.3,3.1,63.0,5.3,1.3,0.0
752,Helsinki,Good,5.5,4.8,39.3,7.9,0.0,
753,Santiago,Good,7.8,46.3,28.0,18.2,1.7,377.9
754,Detroit,Good,4.7,,,13.9,1.0,687.0
755,Kuching,Good,5.4,,,,,
756,Nagoya,Good,7.0,6.9,,26.9,,
757,Osaka,Good,8.0,4.3,,25.1,,
758,Kyoto,Good,5.7,8.2,,14.7,,412.2
759,Berlin,Good,6.8,12.9,8.4,13.1,,0.0
760,Toronto,Good,4.5,,36.0,15.0,0.7,
761,Melbourne,Good,5.4,17.9,28.8,3.8,3.4,0.0
762,Pristina,Good,4.9,,,,,
763,Canberra,Good,1.5,3.9,32.7,3.0,,3.4
764,Sofia,Good,2.9,2.8,48.1,5.7,4.2,0.0
765,New York City,Good,6.6,,41.0,,3.5,242.8
766,Tokyo,Good,6.1,6.4,,44.2,2.6,381.7
767,Los Angeles,Good,17.1,41.2,3.0,31.8,2.4,
768,Sydney,Good,0.0,7.2,31.5,1.1,0.0,2.3
769,Skopje,Good,6.8,4.9,20.3,11.5,0.0,
770,Tashkent,Good,47.8,,4.0,,,
771,"Sreepur, Dhaka",Very Unhealthy,229.0,,,,,
772,"Manikganj, Dhaka",Very Unhealthy,182.1,,,,,
773,"Dhaka, Dhaka",Very Unhealthy,180.6,,,,,
774,"Savar, Dhaka",Unhealthy,111.8,,,,,
775,"Narayanganj, Dhaka",Moderate,13.0,,,,,
776,"Faisalabad, Punjab",Hazardous,462.0,,,,,
777,"Lahore, Punjab",Very Unhealthy,207.0,,,,,
778,"Rawalpindi, Punjab",Very Unhealthy,172.8,,,,,
779,"Karachi, Sindh",Unhealthy,133.9,,,,,
780,"Raiwind, Punjab",Unhealthy,113.1,,,,,
781,"Islamabad, Islamabad",Unhealthy,86.9,,,,,
782,"Muridke, Punjab",Unhealthy,90.4,,,,,
783,"Multan, Punjab",Unhealthy For Sensitive Groups,48.7,,,,,
784,"Abbottabad, Khyber Pakhtunkhwa",Moderate,13.2,,,,,
785,"Ulaanbaatar, Ulaanbaatar",Unhealthy,137.0,87.0,4.0,26.5,134.0,14.5
786,"Tsetserleg, Arhangay",Good,10.0,,,,,
787,"Urt, OEmnoegovi",Moderate,27.0,39.0,,6.0,5.0,
788,"Hongor, Suhbaatar",Moderate,20.0,24.0,,8.0,13.0,
789,"Ulaan-Uul, East Gobi Aymag",Moderate,18.0,22.0,,11.0,36.0,
790,"Sumber, East Aimak",Good,6.5,7.0,,7.0,5.0,
791,"Chonogol, Suhbaatar",Good,4.0,6.0,,8.0,10.0,
792,"Ulan Bator, Ulaanbaatar",,,,,,,
793,"Kabul, Kabul",Unhealthy,117.7,,,,,
794,"New Delhi, Delhi",Very Unhealthy,190.3,477.9,8.0,38.9,7.2,3820.0
795,"Dadri, Uttar Pradesh",Hazardous,350.0,550.0,2.0,172.0,8.0,
796,"Shahdara, Delhi",Hazardous,266.1,548.8,36.2,139.0,,4614.4
797,"Meerut, Uttar Pradesh",Very Unhealthy,186.0,368.6,16.0,,1.6,
798,"Sector, Uttar Pradesh",Hazardous,350.0,538.0,22.0,84.0,7.6,4650.0
799,"Gurugram, Haryana",Very Unhealthy,166.9,327.0,2.0,25.2,4.8,1120.0
800,"Bulandshahr, Uttar Pradesh",Hazardous,350.0,482.7,9.0,,17.6,
801,"Noida, Uttar Pradesh",Hazardous,285.0,433.4,13.5,13.6,8.0,2820.0
802,"Greater Noida, Uttar Pradesh",Hazardous,350.0,500.7,5.0,,11.2,
803,"Delhi, Delhi",Hazardous,291.0,402.8,7.2,49.7,21.8,2690.0
804,"Defence Colony, Delhi",Hazardous,237.3,498.3,29.9,50.9,17.6,3220.0
805,"Karol Bagh, Delhi",Hazardous,301.5,491.1,8.8,69.1,18.9,3800.0
806,"Dasna, Uttar Pradesh",Hazardous,314.0,475.5,4.0,,10.4,
807,"Loni, Uttar Pradesh",Hazardous,303.0,439.4,8.0,28.0,6.4,
808,"Surabaya, East Java",Unhealthy For Sensitive Groups,48.4,,,,,
809,"Pontianak, West Kalimantan",Unhealthy For Sensitive Groups,38.2,,,,,
810,"Bangkinang, Riau",Moderate,29.8,,,,,
811,"Balaipungut, Riau",Moderate,27.7,,,,,
812,"Dumai, Riau",Moderate,26.0,,,,,
813,"Semarang, Central Java",Moderate,25.9,,,,,
814,"Jambi, Jambi",Moderate,25.1,,,,,
815,"Sedinginan, Riau",Moderate,22.3,,,,,
816,"Duri, Riau",Moderate,20.4,,,,,
817,"Jakarta, Jakarta",Moderate,19.6,,,,,
818,"Manama, Capital Governorate",Unhealthy,61.0,,,,,
819,"Siddharthanagar, Western Region",Unhealthy,135.7,,,,,
820,"Nepalgunj, Mid Western",Unhealthy,137.3,73.3,,,,
821,"Tulsipur, Mid Western",Unhealthy,109.5,,,,,
822,"Kirtipur, Central Region",Unhealthy,116.0,72.1,,,,
823,"Kathmandu, Central Region",Unhealthy,136.0,107.6,4.0,,,
824,"Dhankuta, Eastern Region",Unhealthy,93.8,105.9,,,,
825,"Patan, Central Region",Unhealthy,88.1,91.2,,,,
826,"Pokhara, Western Region",Unhealthy,71.6,,,,,
827,"Bhaktapur, Central Region",Unhealthy,74.7,,,,,
828,"Bharatpur, Central Region",Unhealthy,63.6,63.6,,,,
829,"Nassau, New Providence",Good,7.5,,,,,
830,"Governor's Harbour, Central Eleuthera",Good,3.4,,,,,
831,"Charlotte Amalie, Saint Thomas Island",Good,0.9,,,,,
832,"Cruz Bay, Saint John Island",Good,1.0,,,,,
833,"Hafnarfjoerdur, Capital Region",Good,8.2,11.4,,5.7,3.9,
834,"Reykjavik, Capital Region",Good,5.0,6.7,,4.7,7.0,
835,"Kopavogur, Capital Region",Good,3.0,4.4,,0.0,0.0,
836,"Akureyri, Northeast",Good,2.0,2.0,,0.0,,
837,"Grundartangi, West",Good,1.3,3.8,,0.0,0.0,
838,"Isafjoerdur, Westfjords",Good,0.0,,,,,
839,"Reydarfjoerdur, East",,,,,,,
840,"Kaarina, Finland Proper",Good,11.0,6.6,,11.7,,
841,"Turku, Finland Proper",Good,11.0,7.2,,14.5,,
842,"Naantali, Finland Proper",Good,8.0,2.3,,6.0,2.7,
843,"Raahe, Northern Ostrobothnia",Good,8.0,12.8,,4.8,39.2,
844,"Varkaus, Northern Savonia",Good,8.0,11.4,,6.1,,
845,"Pertteli, Finland Proper",Good,6.3,,,,,
846,"Hameenlinna, Tavastia Proper",Good,6.0,6.1,,4.5,,
847,"Raisio, Finland Proper",Good,6.0,11.2,,10.1,1.2,
848,"Vaasa, Central Ostrobothnia",Good,5.4,7.1,,,,
849,"Helsinki, Uusimaa",Good,5.2,6.1,49.5,8.0,0.0,
850,"Tallinn, Harjumaa",Good,11.0,8.9,53.0,3.8,2.3,240.0
851,"Voore, Jogevamaa",Good,6.1,,,2.5,1.1,
852,"Sillamaee, Ida-Virumaa",Good,6.0,15.8,,,,
853,"Tartu, Tartumaa",Good,6.7,8.7,,2.7,0.0,220.0
854,"Narva, Ida-Virumaa",Good,3.5,6.8,,1.7,2.5,
855,"Sinimaee, Ida-Virumaa",Good,4.0,18.1,,,2.1,
856,"Kohtla-Jaerve, Ida-Virumaa",Good,3.7,9.1,,1.2,3.0,
857,"Viljandi, Viljandimaa",Good,,,,3.9,2.2,
858,"Parnu Jogi, Paernumaa",,,,,,,
859,"Goeteborg, Västra Götalands län",Good,5.9,6.3,,14.8,,
860,"Lund, Skåne län",Good,5.0,6.2,44.0,2.4,,
861,"Sodertalje, Stockholm",Good,5.0,3.7,,4.9,,
862,"Kungsbacka, Hallands län",Good,5.2,,,,,
863,"Staffanstorp, Skane",Good,,,48.9,,,
864,"Helsingborg, Skåne län",Good,4.6,4.8,,2.2,,
865,"Klaverod, Skane",Good,4.7,6.3,,,,
866,"Malmö, Skåne län",Good,4.7,3.1,39.8,6.1,,
867,"Linköping, Östergötlands län",Good,6.5,,,,,
868,"Onsala, Hallands län",Good,3.8,3.8,,,,
869,"Baerum, Akershus",Moderate,25.1,28.4,,16.2,,
870,"Stavanger, Rogaland",Moderate,25.2,26.1,,54.6,,
871,"Kjenn, Akershus",Moderate,21.3,26.9,,41.0,,
872,"Brevik, Telemark",Moderate,20.1,33.6,,19.6,0.0,
873,"Bergen, Hordaland",Moderate,16.9,28.4,9.4,44.0,,
874,"Hamar, Hedmark",Moderate,16.5,17.1,,42.5,,
875,"Sjolyststranda, Oslo",Moderate,15.8,17.2,,20.3,0.0,
876,"Ski, Akershus",Moderate,16.1,,,,,
877,"Moss, Ostfold",Moderate,15.2,17.5,,18.5,,
878,"Sandsli, Hordaland",Moderate,14.6,19.4,,,,
879,"Kaiapoi, Canterbury",Moderate,12.5,25.2,,,,
880,"Rangiora, Canterbury",Moderate,12.8,20.2,,,,
881,"Waimate, Canterbury",Good,11.8,17.5,,,,
882,"Geraldine, Canterbury",Good,7.8,12.7,,,,
883,"Christchurch, Canterbury",Good,0.0,18.7,,,,
884,"Blenheim, Marlborough",Good,7.0,7.8,,,,
885,"Darfield, Canterbury",Good,7.1,,,,,
886,"Hastings, Hawke's Bay",Good,6.9,15.6,,,,
887,"Wellington City, Wellington",Good,6.7,7.7,,5.0,,
888,"Winton, Southland",Good,6.8,,,,,
889,"Otterburn Park, Quebec",Unhealthy For Sensitive Groups,52.7,,,,,
890,"Saint-Hubert, Quebec",Unhealthy For Sensitive Groups,50.5,,,,,
891,"Saint-Eustache, Quebec",Unhealthy For Sensitive Groups,51.3,,,,,
892,"Hamilton, Ontario",Moderate,33.7,47.0,9.0,50.2,8.9,
893,"Nepean, Ontario",Unhealthy For Sensitive Groups,48.2,,,,,
894,"Gatineau, Quebec",Unhealthy For Sensitive Groups,46.1,,,,,
895,"Hull (Ile), Quebec",Unhealthy For Sensitive Groups,45.5,,22.0,30.1,,
896,"Dollard-Des Ormeaux, Quebec",Unhealthy For Sensitive Groups,44.8,,,,,
897,"Ottawa, Ontario",Unhealthy For Sensitive Groups,44.5,,18.0,25.0,0.0,
898,"Golden, British Columbia",Unhealthy For Sensitive Groups,54.2,18.0,,,,
899,"Darlinghurst, New South Wales",Unhealthy,55.8,6.6,38.0,13.2,2.6,1153.1
900,"Beresfield, New South Wales",Unhealthy For Sensitive Groups,52.7,13.2,54.0,7.5,23.6,
901,"Wyong, New South Wales",Unhealthy For Sensitive Groups,46.7,0.0,2.0,5.6,2.6,1.9
902,"Shellharbour, New South Wales",Unhealthy For Sensitive Groups,36.4,61.4,54.0,1.9,2.6,
903,"Geraldton, Western Australia",Moderate,12.1,134.6,,,,
904,"Manilla, New South Wales",Moderate,27.9,55.0,,,,
905,"Swan, Western Australia",Moderate,10.7,95.8,,5.6,,
906,"Orange, New South Wales",Moderate,9.1,80.3,4.0,,,
907,"Quinns Rocks, Western Australia",Moderate,4.6,71.3,,5.6,,
908,"Collie, Western Australia",Moderate,,67.3,,,,
909,"Mizuochicho, Fukui",Unhealthy,65.0,,,45.1,,
910,"Toyocho, Aichi",Unhealthy For Sensitive Groups,54.0,57.0,,63.9,13.1,
911,"Kumiyama, Kyoto",Moderate,34.0,,,43.2,2.6,
912,"Nishidako, Ehime",Unhealthy For Sensitive Groups,49.0,54.0,,,5.2,
913,"Minatojima, Hyogo",Moderate,32.0,,,67.7,,
914,"Hokujo, Nagano",Unhealthy For Sensitive Groups,45.0,,,1.9,2.6,
915,"Kitami, Hokkaido",Unhealthy For Sensitive Groups,45.0,38.0,,,,
916,"Yokkaichi, Mie",Unhealthy For Sensitive Groups,44.0,44.0,,37.6,2.6,
917,"Kusatsu, Shiga",Unhealthy For Sensitive Groups,43.0,,,,,
918,"Nakamura, Ehime",Moderate,28.0,,,,,
919,"Kashgar, Xinjiang",Hazardous,99.0,495.0,42.0,54.0,8.0,1600.0
920,"Xinzhou, Shanxi",Hazardous,94.0,427.0,49.0,19.0,12.0,600.0
921,"Shuozhou, Shanxi",Very Unhealthy,81.0,405.0,40.0,29.5,16.0,600.0
922,"Hohhot, Inner Mongolia",Very Unhealthy,107.0,399.0,60.0,12.0,7.0,557.5
923,"Xingbin Qu, Guangxi",Very Unhealthy,209.5,265.0,44.0,84.0,25.0,1450.0
924,"Yuncheng, Shanxi",Very Unhealthy,91.5,396.0,23.0,49.0,26.5,1150.0
925,"Huayin, Shaanxi",Very Unhealthy,75.5,369.5,,,28.0,
926,"Fuyang, Anhui",Very Unhealthy,145.5,369.0,30.0,59.0,16.0,1400.0
927,"Huaibei, Anhui",Very Unhealthy,100.0,367.0,40.0,44.0,17.0,1000.0
928,"Liuzhou, Guangxi",Very Unhealthy,165.5,221.0,28.0,72.0,52.0,1700.0
929,"Golden, British Columbia",Unhealthy For Sensitive Groups,54.2,18.0,,,,
930,"Otterburn Park, Quebec",Unhealthy For Sensitive Groups,52.7,,,,,
931,"Saint-Eustache, Quebec",Unhealthy For Sensitive Groups,51.3,,,,,
932,"Saint-Hubert, Quebec",Unhealthy For Sensitive Groups,50.5,,,,,
933,"Montreal, Quebec",Unhealthy For Sensitive Groups,49.5,,13.0,3.0,1.0,1000.0
934,"Nepean, Ontario",Unhealthy For Sensitive Groups,48.2,,,,,
935,"Gatineau, Quebec",Unhealthy For Sensitive Groups,46.1,,,,,
936,"Hull (Ile), Quebec",Unhealthy For Sensitive Groups,45.5,,22.0,30.1,,
937,"Dollard-Des Ormeaux, Quebec",Unhealthy For Sensitive Groups,44.8,,,,,
938,"Ottawa, Ontario",Unhealthy For Sensitive Groups,44.5,,18.0,25.0,0.0,
939,"Ho, Tinh Bac Ninh",Hazardous,255.3,330.7,,97.3,33.9,3.1
940,"Nhu Quynh, Tinh Hung Yen",Very Unhealthy,241.4,367.3,2.2,64.2,21.9,3.1
941,"Dong Anh, Hanoi",Very Unhealthy,209.6,262.0,,70.2,23.1,1.2
942,"Cho, Tinh Bac Ninh",Very Unhealthy,187.8,234.2,5.7,47.3,5.7,419.1
943,"Pho Moi, Tinh Bac Ninh",Very Unhealthy,183.0,263.8,6.0,88.1,113.5,8.7
944,"Van Dien, Hanoi",Very Unhealthy,182.3,222.3,,12.7,,1486.2
945,"Hanoi, Hanoi",Very Unhealthy,177.1,271.9,1.8,83.1,4.5,3653.2
946,"Bac Ninh, Tinh Bac Ninh",Very Unhealthy,171.8,224.7,,,84.5,
947,"Thua, Tinh Bac Ninh",Unhealthy,138.8,190.2,,39.3,20.2,2.3
948,"Phuc Yen, Tinh Vinh Phuc",Unhealthy,137.2,224.6,,,,
949,"Belfast, Northern Ireland",Moderate,30.2,,1.0,23.0,5.0,100.0
950,"Scunthorpe, England",Moderate,29.1,9.0,,,,
951,"Hackney, England",Moderate,29.0,20.3,,15.5,,
952,"Redcar, England",Moderate,29.0,23.3,1.5,,,
953,"Stockton, England",Moderate,28.0,,,,,
954,"Glasgow, Scotland",Moderate,27.3,19.1,4.1,59.5,,
955,"Middlesbrough, England",Moderate,27.1,30.9,3.8,31.9,5.7,
956,"Nantwich, England",Moderate,27.1,,,,,
957,"Cambridge, England",Moderate,26.2,15.0,,13.6,,
958,"Stockton-on-Tees, England",Moderate,24.0,23.2,,36.5,,
959,"Sallanches, Auvergne-Rhône-Alpes",Moderate,32.0,40.8,,,,
960,"Mantes-La-Jolie, Ile-de-France",Moderate,26.9,,50.8,18.6,,
961,"Paris, Ile-de-France",Moderate,24.9,10.6,34.9,14.9,0.0,
962,"Passy, Auvergne-Rhone-Alpes",Moderate,24.8,37.5,0.0,34.8,,
963,"Biot, Provence-Alpes-Cote d'Azur",Moderate,20.2,,,,,
964,"Belleville-sur-Meuse, Grand Est",Good,7.6,,,,,
965,"Chatou, Ile-de-France",Moderate,17.9,,,,,
966,"Portes-les-Valence, Auvergne-Rhone-Alpes",Moderate,16.0,22.3,25.2,22.8,,
967,"Saint-Pierre, Reunion",Moderate,16.0,20.2,1.8,11.9,0.0,0.0
968,"Rouen, Normandy",Good,12.0,19.0,32.5,16.0,1.0,
969,"Edertal, Hessen",Unhealthy,56.0,85.1,,5.3,1.0,
970,"Meppen, Lower Saxony",Moderate,32.4,,,,,
971,"Northeim, Lower Saxony",Moderate,31.7,,,,,
972,"Dresden, Saxony",Moderate,26.2,13.0,20.0,12.0,0.0,
973,"Meiderich, Nordrhein-Westfalen",Moderate,26.5,,,,,
974,"Titz, Nordrhein-Westfalen",Moderate,25.0,33.0,,,,
975,"Pfalzgrafenweiler, Baden-Wuerttemberg",Moderate,24.8,,,,,
976,"Schongau, Bavaria",Moderate,23.6,,,,,
977,"Hamburg, Hamburg",Moderate,22.9,,33.0,16.0,3.0,290.0
978,"Niederzier, Nordrhein-Westfalen",Moderate,23.0,32.0,,,,
979,"Phra Samut Chedi, Samut Prakan",Very Unhealthy,226.0,194.0,40.0,129.7,15.7,1019.1
980,"Bang Bon, Bangkok",Very Unhealthy,162.0,198.0,4.0,,,
981,"Sam Phran, Nakhon Pathom",Very Unhealthy,160.4,,,,,
982,"Samut Sakhon, Samut Sakhon",Very Unhealthy,157.0,195.0,4.0,53.6,43.2,1591.6
983,"Bang Lamung, Chon Buri",Unhealthy,139.0,,,,,
984,"Khlong Toei, Bangkok",Unhealthy,136.1,,,,,
985,"Thawi Watthana, Bangkok",Unhealthy,132.0,,,,,
986,"Samut Prakan, Samut Prakan",Unhealthy,130.1,151.0,116.0,80.8,26.2,1671.7
987,"Nakhon Pathom, Nakhon Pathom",Unhealthy,127.5,,,,,
988,"Saraburi, Sara Buri",Unhealthy,127.5,207.0,32.0,114.7,,
989,"Mendrisio, Ticino",Moderate,14.0,16.0,30.0,24.0,,
990,"Unteriberg, Schwyz",Moderate,25.0,,,,,
991,"Bioggio, Ticino",Moderate,21.0,25.0,9.0,31.0,,
992,"Chiasso, Ticino",Good,8.0,10.0,0.0,18.0,,
993,"Bodio, Ticino",Moderate,22.0,24.0,,15.0,4.0,
994,"Rotkreuz, Zug",Moderate,19.3,,,,,
995,"Dietikon, Zurich",Moderate,16.2,,,,,
996,"Dubendorf, Zurich",Moderate,14.2,4.0,40.0,29.0,,
997,"Giubiasco, Ticino",Moderate,14.0,15.0,55.0,11.0,,
998,"Pregassona, Ticino",Moderate,15.0,17.0,9.0,11.0,,
999,"Messini, Peloponnese",Moderate,35.4,,,,,
1000,"Meligalas, Peloponnese",Moderate,34.4,,,,,
1001,"Ioannina, Epirus",Moderate,20.4,,,,,
1002,"Orestiada, East Macedonia and Thrace",Moderate,15.1,,,,,
1003,"Alexandroupoli, East Macedonia and Thrace",Moderate,13.0,,,,,
1004,"Anatoli, Epirus",Good,12.1,,,,,
1005,"Souroti, Central Macedonia",Good,10.7,,,,,
1006,"Xanthi, East Macedonia and Thrace",Good,9.9,,,,,
1007,"Thermi, Central Macedonia",Good,9.1,,,,,
1008,"Kardia, Central Macedonia",Good,8.6,,,,,
1009,"Santos, Sao Paulo",Good,21.0,27.0,1.5,35.0,1.0,
1010,"Guarulhos, Sao Paulo",Moderate,14.5,23.5,22.0,20.0,1.0,458.0
1011,"Santa Branca, Sao Paulo",Good,9.1,,,,,
1012,"Sao Caetano do Sul, Sao Paulo",Good,12.0,28.0,30.0,13.0,1.0,
1013,"Taubate, Sao Paulo",Good,10.0,16.0,,6.0,,
1014,"Jundiai, Sao Paulo",Good,12.0,21.0,27.0,21.0,,
1015,"Sao Jose dos Campos, Sao Paulo",Good,8.0,49.0,12.0,44.0,1.0,343.5
1016,"Maua, Sao Paulo",Good,10.0,34.0,19.0,14.0,1.0,
1017,"Osasco, Sao Paulo",Moderate,13.0,24.0,,30.0,2.0,916.0
1018,"Sao Paulo, Sao Paulo",Good,6.0,12.0,26.0,16.0,,229.0
1019,"Kansk, Krasnoyarsk Krai",Unhealthy,60.0,,,,,
1020,"Zyryanka, Chukot",Unhealthy For Sensitive Groups,46.0,,,,,
1021,"Solnechnyy, Krasnoyarsk Krai",Unhealthy For Sensitive Groups,40.0,,,70.0,35.0,80.0
1022,"Balashikha, Moscow Oblast",Moderate,25.1,,,,,
1023,"Moscow, Moscow",Moderate,15.0,17.0,2.0,55.0,3.3,470.0
1024,"Berezovka, Krasnoyarsk Krai",Good,20.0,,,180.0,40.0,60.0
1025,"Kamensk-Shakhtinskiy, Rostov",Moderate,16.1,,,,,
1026,"Magnitogorsk, Chelyabinsk",Moderate,14.5,,,,,
1027,"Setun', Moscow",Moderate,18.0,21.0,,,,630.0
1028,"Krasnaya Pahra, Moscow",Good,10.0,3.0,,56.1,5.9,
1029,"Cavite City, Calabarzon",Unhealthy For Sensitive Groups,40.3,,,,,
1030,"Paranaque, National Capital Region",Unhealthy For Sensitive Groups,36.9,,,,,
1031,"Pasig, National Capital Region",Moderate,22.5,,,,,
1032,"Balanga, Central Luzon",Moderate,15.9,,,,,
1033,"Makati, National Capital Region",Moderate,15.4,,,,,
1034,"Bulacan, Central Luzon",Moderate,13.1,,,,,
1035,"Puerto Princesa, Mimaropa",Moderate,13.0,21.0,,,,
1036,"Pasig City, National Capital Region",Good,9.0,,,,,
1037,"Davao City, Davao",Good,8.5,9.9,,7.9,,
1038,"San Juan, National Capital Region",Good,7.4,,,,,
1039,"Yangon, Yangon",Unhealthy For Sensitive Groups,52.6,,2.0,,,
1040,"Mandalay, Mandalay",Unhealthy For Sensitive Groups,44.8,,,,,
1041,"Syriam, Yangon",Unhealthy For Sensitive Groups,39.1,,,,,
1042,"Vientiane, Vientiane",Unhealthy For Sensitive Groups,46.6,,,,,
1043,"Imperial Beach, California",Unhealthy,70.4,,,,,
1044,"Midway, Pennsylvania",Unhealthy,56.7,,,,,
1045,"Roseville, Minnesota",Unhealthy,58.2,,,,,
1046,"Blaine, Minnesota",Unhealthy For Sensitive Groups,36.3,,,,,
1047,"Cambria, California",Unhealthy For Sensitive Groups,54.0,,,,,
1048,"Matheny, California",Unhealthy For Sensitive Groups,53.8,,,,,
1049,"Albemarle, North Carolina",Unhealthy For Sensitive Groups,53.4,,,,,
1050,"Happy Camp, California",Unhealthy For Sensitive Groups,52.4,,,,,
1051,"New Auburn, Wisconsin",Unhealthy For Sensitive Groups,51.5,,,,,
1052,"Bakersfield, California",Unhealthy For Sensitive Groups,51.0,,6.0,86.5,,
1053,"Lovech, Lovech",Moderate,17.0,21.3,,,,
1054,"Nesebar, Burgas",Moderate,17.0,22.1,,16.3,0.0,
1055,"Oriyakovica, Veliko Tarnovo",Moderate,17.0,22.6,28.9,13.3,8.4,
1056,"Vratsa, Vratsa",Moderate,17.0,22.4,47.7,6.1,,0.0
1057,"Dobrich, Dobrich",Moderate,16.0,20.6,,,,
1058,"Shumen, Shumen",Moderate,16.0,19.5,56.6,4.1,4.0,
1059,"Devnya, Varna",Moderate,15.0,18.3,49.4,3.7,,0.0
1060,"Ruse, Ruse",Moderate,14.9,14.2,40.3,4.8,,0.0
1061,"Vidin, Vidin",Moderate,14.0,17.1,,,,
1062,"Kardzhali, Kardzhali",Good,12.0,15.0,,,,
1063,"Pekan, Pahang",Moderate,30.2,,,,,
1064,"Klang, Selangor",Moderate,28.9,,,,,
1065,"Tanah Merah, Kelantan",Moderate,28.9,,,,,
1066,"Balok, Pahang",Moderate,26.3,,,,,
1067,"Kuala Terengganu, Terengganu",Moderate,26.3,,,,,
1068,"Kuala Selangor, Selangor",Moderate,23.7,,,,,
1069,"Chukai, Terengganu",Moderate,22.5,,,,,
1070,"Johor Bahru, Johor",Moderate,22.5,,,,,
1071,"Kota Bharu, Kelantan",Moderate,21.2,,,,,
1072,"Petaling Jaya, Selangor",Moderate,21.2,,,,,
1073,"Carabayllo, Lima",Moderate,20.9,5.0,3.1,,3.6,1.0
1074,"San Juan de Lurigancho, Lima",Moderate,16.0,,4.5,,9.4,1.0
1075,"Lima, Lima",Good,11.5,14.8,,,,2.0
1076,"Trujillo, La Libertad",Good,9.7,,,,,
1077,"Cusco, Cusco",Good,8.2,,,,,
1078,"HUACHIPA, Lima",Good,,,,7.1,51.3,57.5
1079,"Puerto Maldonado, Madre de Dios",Good,5.7,,,,,
1080,"El Tambo, Junin",Good,4.2,,,,,
1081,"Santa Anita, Lima",Good,,,,96.7,17.3,
1082,"Chupaca, Junin",Good,3.1,,,,,
1083,"Novi Pazar, Central serb",Unhealthy,81.0,81.4,,46.4,11.1,
1084,"Valjevo, Central Serbia",Unhealthy For Sensitive Groups,47.9,48.2,,25.4,32.0,
1085,"Uzice, Central Serbia",Moderate,31.8,32.1,,2.2,12.0,
1086,"Cacak, Central Serbia",Moderate,23.0,,,5.7,,
1087,"Lipe, Central Serbia",Moderate,19.8,,,,,
1088,"Nis, Central Serbia",Moderate,19.9,18.9,46.4,7.6,14.1,
1089,"Kragujevac, Central Serbia",Moderate,19.3,,,26.0,,
1090,"Gornji Milanovac, Central serb",Moderate,16.0,,,,,
1091,"Paracin, Central serb",Moderate,14.6,14.8,17.9,7.7,4.7,
1092,"Bor, Central Serbia",Moderate,14.0,15.6,,,25.4,
1093,"Hnusta, Banska Bystrica",Unhealthy For Sensitive Groups,38.0,45.0,,,,
1094,"Novaky, Nitra",Moderate,27.0,16.0,,,1.0,
1095,"Jelsava, Banska Bystrica",Moderate,23.0,29.0,5.0,12.7,,
1096,"Martin, Zilina",Moderate,19.0,11.0,,,,
1097,"Prievidza, Trencin",Moderate,18.0,17.0,,,,
1098,"Kosice, Kosice",Moderate,17.0,15.5,4.0,,2.0,291.0
1099,"Moldava nad Bodvou, Kosice",Moderate,16.5,17.6,,,,
1100,"Nad Jazerom, Kosice",Moderate,15.0,14.0,,,,
1101,"Handlova, Trencin",Moderate,14.0,8.0,,,,
1102,"Nitra, Nitra",Moderate,14.0,14.0,,12.0,,
1103,"Rivas-Vaciamadrid, Madrid",Unhealthy,84.0,119.0,4.0,94.0,,
1104,"Getafe, Madrid",Unhealthy,71.0,85.0,2.0,135.0,,
1105,"Valdemoro, Madrid",Unhealthy,62.0,,2.0,1.0,,
1106,"Torrejon de Ardoz, Madrid",Unhealthy,60.0,69.0,5.0,90.0,,
1107,"Leganés, Madrid",Unhealthy,58.0,70.0,1.0,115.0,,
1108,"Coslada, Madrid",Unhealthy For Sensitive Groups,54.0,53.0,1.0,78.0,,
1109,"Medina del Campo, Castille and Leon",Unhealthy For Sensitive Groups,53.0,66.0,3.0,17.0,,
1110,"Villa del Prado, Madrid",Unhealthy For Sensitive Groups,53.0,67.0,3.0,34.0,1.0,0.0
1111,"Toledo, Castilla-La Mancha",Unhealthy For Sensitive Groups,47.0,70.0,2.0,60.0,2.0,
1112,"Ogijares, Andalucia",Unhealthy For Sensitive Groups,46.0,67.2,4.0,34.0,3.0,0.0
1113,"Fiq, Quneitra",Moderate,16.0,,,,,
1114,"Arwad, Tartus",Good,1.4,32.0,,4.0,0.0,
1115,Delhi,Hazardous,337.4,483.6,31.8,67.4,22.2,2880.9
1116,Bishkek,Hazardous,286.5,2.2,,,,
1117,Lahore,Hazardous,227.4,,,,,
1118,Dhaka,Very Unhealthy,148.2,,,,,
1119,Guangzhou,Very Unhealthy,118.1,201.7,56.9,172.0,13.8,1487.5
1120,Ulaanbaatar,Very Unhealthy,100.7,105.5,2.3,28.7,89.5,24.5
1121,Hangzhou,Very Unhealthy,71.3,138.5,46.0,63.1,13.7,867.6
1122,Hanoi,Unhealthy,125.2,182.1,0.8,35.0,0.7,1946.5
1123,Kabul,Unhealthy,94.6,,,,,
1124,Kolkata,Unhealthy,114.0,204.4,62.6,38.6,15.8,969.7
1125,Chongqing,Unhealthy,102.8,162.6,34.6,82.2,16.3,961.1
1126,Shanghai,Unhealthy,77.3,128.6,50.7,75.3,11.3,959.4
1127,Chengdu,Unhealthy,116.7,169.1,44.3,79.0,8.2,1326.3
1128,Kathmandu,Unhealthy,97.0,131.1,58.6,,,
1129,Bangkok,Unhealthy,81.7,127.1,80.4,4.4,,1557.6
1130,Mumbai,Unhealthy,66.4,153.1,44.3,53.8,16.2,835.3
1131,Phnom Penh,Unhealthy,81.3,,,,,
1132,Karachi,Unhealthy,101.9,,,,,
1133,Sarajevo,Unhealthy,39.3,43.9,9.8,49.4,49.0,
1134,Wuhan,Unhealthy,76.5,171.6,56.3,48.6,16.2,952.8
1135,Yangon,Unhealthy,50.0,,2.0,,,
1136,Kaohsiung,Unhealthy,35.6,64.2,95.2,53.2,9.1,730.7
1137,Zagreb,Unhealthy,57.7,41.5,16.8,46.2,6.6,915.6
1138,Chiang Mai,Unhealthy For Sensitive Groups,54.2,74.7,76.3,13.7,3.6,
1139,Jakarta,Unhealthy For Sensitive Groups,28.3,28.5,,,,
1140,New York City,Unhealthy For Sensitive Groups,21.1,,10.4,,2.5,412.3
1141,Bogota,Unhealthy For Sensitive Groups,25.7,45.3,6.6,,,
1142,Dubai,Unhealthy For Sensitive Groups,46.1,,,,,
1143,Shenzhen,Unhealthy For Sensitive Groups,35.7,72.5,63.4,71.0,7.1,661.8
1144,Incheon,Unhealthy For Sensitive Groups,29.3,66.4,42.9,54.5,11.2,656.5
1145,Tehran,Unhealthy For Sensitive Groups,48.9,91.6,26.8,202.0,30.3,2370.2
1146,Belgrade,Unhealthy For Sensitive Groups,20.8,19.5,30.4,23.8,10.1,538.4
1147,Seoul,Unhealthy For Sensitive Groups,37.4,75.4,24.3,75.3,10.2,815.8
1148,Shenyang,Moderate,35.2,66.2,49.5,23.2,14.3,535.0
1149,Hong Kong,Moderate,23.0,46.2,43.9,107.0,5.5,388.8
1150,Warsaw,Unhealthy For Sensitive Groups,18.8,22.6,34.8,28.5,,0.8
1151,Mexico City,Moderate,16.4,30.7,12.6,37.8,12.2,828.2
1152,Nagoya,Moderate,32.6,44.3,,81.4,,
1153,Madrid,Moderate,35.3,41.4,6.8,107.9,9.5,0.7
1154,Nur-Sultan,Moderate,21.5,74.3,,28.5,11.0,779.5
1155,Sofia,Moderate,14.2,10.9,45.7,12.6,6.8,0.5
1156,Riyadh,Moderate,41.4,,,,,
1157,Moscow,Moderate,20.2,24.8,3.3,60.0,5.7,617.6
1158,Ho Chi Minh City,Moderate,44.1,,,,,
1159,London,Moderate,13.4,16.7,14.7,34.0,2.7,900.0
1160,Wroclaw,Moderate,31.8,3.8,25.1,28.2,4.7,523.3
1161,Oslo,Moderate,15.3,16.9,,41.1,,0.0
1162,Taipei,Moderate,23.3,37.1,52.9,70.9,6.6,964.7
1163,Kyiv,Moderate,20.1,,,,,
1164,Paris,Moderate,16.4,21.7,28.8,24.4,0.5,0.0
1165,Tokyo,Moderate,16.4,23.3,,52.6,2.9,437.2
1166,Kobe,Moderate,24.4,36.5,,78.2,,
1167,Osaka,Moderate,28.6,39.0,,86.2,,
1168,Singapore,Moderate,16.7,35.4,49.1,13.1,3.3,81.2
1169,Paris,Moderate,16.4,21.7,28.8,24.4,0.5,0.3
1170,Kyoto,Moderate,20.3,37.7,,63.5,,670.6
1171,Kuala Lumpur,Moderate,15.1,,,,,
1172,Johannesburg,Moderate,16.3,24.9,37.6,8.4,3.3,4.6
1173,Detroit,Moderate,20.8,,,25.4,1.7,687.0
1174,Toronto,Moderate,15.0,,38.0,14.5,0.0,
1175,Vienna,Moderate,12.4,15.5,40.8,16.4,1.5,268.4
1176,Rotterdam,Moderate,12.8,18.7,,37.3,,
1177,Santiago,Moderate,11.0,54.3,25.6,34.3,5.2,399.9
1178,Krakow,Moderate,14.7,17.7,,18.1,4.0,
1179,Lima,Moderate,11.4,14.8,,9.5,,1.7
1180,Budapest,Moderate,10.4,13.9,42.9,20.4,4.1,387.2
1181,San Francisco,Moderate,8.1,,4.0,33.6,,
1182,Busan,Good,17.8,47.2,,39.7,8.5,461.6
1183,Pristina,Moderate,16.9,,,,,
1184,Brussels,Good,9.4,13.2,10.2,32.9,1.0,0.0
1185,Tel Aviv-Yafo,Good,10.9,22.2,49.9,18.1,1.6,381.7
1186,Seattle,Good,7.6,,,,,
1187,Amsterdam,Good,12.5,22.2,17.6,33.8,0.5,473.1
1188,Bratislava,Good,8.0,12.9,42.2,18.1,4.0,
1189,Los Angeles,Good,9.2,32.5,5.0,15.7,3.3,
1190,Helsinki,Good,7.0,11.5,32.6,33.7,1.1,
1191,Berlin,Good,9.2,12.1,32.2,14.6,,0.3
1192,Milano,Good,20.3,,19.7,49.3,4.0,0.9
1193,Beijing,Good,34.3,138.8,62.5,9.6,2.3,297.5
1194,Krasnoyarsk,Good,6.6,,,47.2,61.3,39.4
1195,Jerusalem,Good,8.4,103.3,2.0,19.9,,
1196,Bern,Good,5.0,5.9,5.0,,,
1197,Kuching,Good,6.5,,,,,
1198,Prague,Good,7.8,12.1,25.7,20.8,2.5,338.6
1199,Sao Paulo,Good,9.8,19.7,24.5,18.3,2.0,299.5
1200,Munich,Good,7.4,8.8,21.7,31.9,,0.0
1201,Canberra,Good,1.8,18.4,53.6,1.9,,3.3
1202,Denver,Good,3.2,17.9,39.6,47.3,0.0,215.5
1203,Sydney,Good,10.4,18.8,71.7,5.5,1.1,63.4
1204,Lyon,Good,2.0,3.5,37.7,22.8,,
1205,Skopje,Good,10.3,12.7,34.8,15.5,1.8,
1206,Portland,Good,6.2,,2.4,2.6,0.7,17.1
1207,Vancouver BC,Good,3.2,4.2,30.0,24.7,1.0,251.2
1208,Salt Lake City,Good,1.3,,17.1,66.7,0.0,57.3
1209,Melbourne,Good,1.9,19.9,12.3,3.6,4.1,0.0
